record_type,suite,workload,baseline,operation,sample_index,duration_ns,bytes,token_count,success,detail,used_tokens,reserved_tokens,peak_reserved_tokens,fragmentation_tokens,entries,micro_pages,extent_pages,admitted_requests,utilization,p50_ns,p95_ns,p99_ns,git_commit,seed,request_count,concurrency,requests_per_second,mean_ns,total_bytes,effective_bandwidth_gbps,failure_count,minimum_ns,maximum_ns,trace_seed,trace_request_count,minimum_sequence_length,maximum_sequence_length,mean_sequence_length,reused_tokens,used_bytes,reserved_bytes,peak_reserved_bytes,fragmentation_bytes,reused_bytes
capacity,cpu_metadata_fixed_16,adversarial,fixed_16,,,,,,,,540280,571840,571840,31560,35740,0,0,2104,0.944809737,,,,f593161df222b06e4a23dd7fc6960dc430dd3c25,21205470111025221,10000,8,,,,,,,,,,,,,0,12171427840,12882411520,12882411520,710983680,0
summary,cpu_metadata_fixed_16,adversarial,,create,,,,,,,,,,,,,,,,97,98,98,f593161df222b06e4a23dd7fc6960dc430dd3c25,21205470111025221,10000,8,546209.9339,66,0,0,0,0,43493,21205470111025221,10000,1,513,256.9744,,,,,,
summary,cpu_metadata_fixed_16,adversarial,,append,,,,,,,,,,,,,,,,876,1849,2044,f593161df222b06e4a23dd7fc6960dc430dd3c25,21205470111025221,10000,8,546209.9339,984,0,0,0,97,27633,21205470111025221,10000,1,513,256.9744,,,,,,
summary,cpu_metadata_fixed_16,adversarial,,release,,,,,,,,,,,,,,,,487,876,876,f593161df222b06e4a23dd7fc6960dc430dd3c25,21205470111025221,10000,8,546209.9339,526,0,0,0,0,38239,21205470111025221,10000,1,513,256.9744,,,,,,
capacity,cpu_metadata_fixed_16,fork_cow,fixed_16,,,,,,,,185654,255712,255712,70058,15982,0,0,10000,0.7260277187,,,,f593161df222b06e4a23dd7fc6960dc430dd3c25,21205470111025221,10000,8,,,,,,,,,,,,,137965,4182413312,5760679936,5760679936,1578266624,3108075520
summary,cpu_metadata_fixed_16,fork_cow,,create,,,,,,,,,,,,,,,,97,98,195,f593161df222b06e4a23dd7fc6960dc430dd3c25,21205470111025221,10000,8,1135590.016,58,0,0,0,0,1265,21205470111025221,10000,2,64,18.5654,,,,,,
summary,cpu_metadata_fixed_16,fork_cow,,append,,,,,,,,,,,,,,,,98,292,389,f593161df222b06e4a23dd7fc6960dc430dd3c25,21205470111025221,10000,8,1135590.016,154,0,0,0,97,8466,21205470111025221,10000,2,64,18.5654,,,,,,
summary,cpu_metadata_fixed_16,fork_cow,,seal,,,,,,,,,,,,,,,,0,98,98,f593161df222b06e4a23dd7fc6960dc430dd3c25,21205470111025221,10000,8,1135590.016,46,0,0,0,0,779,21205470111025221,10000,2,64,18.5654,,,,,,
summary,cpu_metadata_fixed_16,fork_cow,,fork,,,,,,,,,,,,,,,,97,98,195,f593161df222b06e4a23dd7fc6960dc430dd3c25,21205470111025221,10000,8,1135590.016,94,0,0,0,0,9925,21205470111025221,10000,2,64,18.5654,,,,,,
summary,cpu_metadata_fixed_16,fork_cow,,cow_append,,,,,,,,,,,,,,,,194,195,292,f593161df222b06e4a23dd7fc6960dc430dd3c25,21205470111025221,10000,8,1135590.016,169,0,0,0,97,28996,21205470111025221,10000,2,64,18.5654,,,,,,
summary,cpu_metadata_fixed_16,fork_cow,,release,,,,,,,,,,,,,,,,97,195,292,f593161df222b06e4a23dd7fc6960dc430dd3c25,21205470111025221,10000,8,1135590.016,124,0,0,0,0,14790,21205470111025221,10000,2,64,18.5654,,,,,,
capacity,cpu_metadata_fixed_16,long,fixed_16,,,,,,,,563501,571920,571920,8419,35745,0,0,1137,0.9852794097,,,,f593161df222b06e4a23dd7fc6960dc430dd3c25,21205470111025221,10000,8,,,,,,,,,,,,,0,12694550528,12884213760,12884213760,189663232,0
summary,cpu_metadata_fixed_16,long,,create,,,,,,,,,,,,,,,,97,98,195,f593161df222b06e4a23dd7fc6960dc430dd3c25,21205470111025221,10000,8,316383.4286,67,0,0,0,0,12163,21205470111025221,10000,448,544,496.2308,,,,,,
summary,cpu_metadata_fixed_16,long,,append,,,,,,,,,,,,,,,,1752,2044,3600,f593161df222b06e4a23dd7fc6960dc430dd3c25,21205470111025221,10000,8,316383.4286,1929,0,0,0,1459,145270,21205470111025221,10000,448,544,496.2308,,,,,,
summary,cpu_metadata_fixed_16,long,,release,,,,,,,,,,,,,,,,779,876,1265,f593161df222b06e4a23dd7fc6960dc430dd3c25,21205470111025221,10000,8,316383.4286,892,0,0,0,681,45342,21205470111025221,10000,448,544,496.2308,,,,,,
capacity,cpu_metadata_fixed_16,mixed,fixed_16,,,,,,,,543047,571728,571728,28681,35733,0,0,3800,0.9498345367,,,,f593161df222b06e4a23dd7fc6960dc430dd3c25,21205470111025221,10000,8,,,,,,,,,,,,,0,12233762816,12879888384,12879888384,646125568,0
summary,cpu_metadata_fixed_16,mixed,,create,,,,,,,,,,,,,,,,97,98,98,f593161df222b06e4a23dd7fc6960dc430dd3c25,21205470111025221,10000,8,811002.6458,64,0,0,0,0,19168,21205470111025221,10000,1,544,141.2999,,,,,,
summary,cpu_metadata_fixed_16,mixed,,append,,,,,,,,,,,,,,,,389,1655,2043,f593161df222b06e4a23dd7fc6960dc430dd3c25,21205470111025221,10000,8,811002.6458,582,0,0,0,97,64607,21205470111025221,10000,1,544,141.2999,,,,,,
summary,cpu_metadata_fixed_16,mixed,,release,,,,,,,,,,,,,,,,195,779,876,f593161df222b06e4a23dd7fc6960dc430dd3c25,21205470111025221,10000,8,811002.6458,332,0,0,0,97,103041,21205470111025221,10000,1,544,141.2999,,,,,,
capacity,cpu_metadata_fixed_16,shared_prompt,fixed_16,,,,,,,,552777,571872,571872,19095,35742,0,0,2465,0.9666096609,,,,f593161df222b06e4a23dd7fc6960dc430dd3c25,21205470111025221,10000,8,,,,,,,,,,,,,1599552,12452960256,12883132416,12883132416,430172160,36034707456
summary,cpu_metadata_fixed_16,shared_prompt,,create,,,,,,,,,,,,,,,,97,98,194,f593161df222b06e4a23dd7fc6960dc430dd3c25,21205470111025221,10000,8,731849.153,54,0,0,0,0,1557,21205470111025221,10000,65,319,224.0039,,,,,,
summary,cpu_metadata_fixed_16,shared_prompt,,append,,,,,,,,,,,,,,,,389,779,876,f593161df222b06e4a23dd7fc6960dc430dd3c25,21205470111025221,10000,8,731849.153,409,0,0,0,97,33958,21205470111025221,10000,65,319,224.0039,,,,,,
summary,cpu_metadata_fixed_16,shared_prompt,,fork,,,,,,,,,,,,,,,,194,195,195,f593161df222b06e4a23dd7fc6960dc430dd3c25,21205470111025221,10000,8,731849.153,158,0,0,0,97,19363,21205470111025221,10000,65,319,224.0039,,,,,,
summary,cpu_metadata_fixed_16,shared_prompt,,release,,,,,,,,,,,,,,,,195,486,487,f593161df222b06e4a23dd7fc6960dc430dd3c25,21205470111025221,10000,8,731849.153,244,0,0,0,97,22671,21205470111025221,10000,65,319,224.0039,,,,,,
capacity,cpu_metadata_fixed_16,short,fixed_16,,,,,,,,322540,398352,398352,75812,24897,0,0,10000,0.8096859059,,,,f593161df222b06e4a23dd7fc6960dc430dd3c25,21205470111025221,10000,8,,,,,,,,,,,,,0,7266181120,8974073856,8974073856,1707892736,0
summary,cpu_metadata_fixed_16,short,,create,,,,,,,,,,,,,,,,97,98,98,f593161df222b06e4a23dd7fc6960dc430dd3c25,21205470111025221,10000,8,1585387.295,59,0,0,0,0,9925,21205470111025221,10000,1,63,32.254,,,,,,
summary,cpu_metadata_fixed_16,short,,append,,,,,,,,,,,,,,,,195,292,292,f593161df222b06e4a23dd7fc6960dc430dd3c25,21205470111025221,10000,8,1585387.295,192,0,0,0,97,22477,21205470111025221,10000,1,63,32.254,,,,,,
summary,cpu_metadata_fixed_16,short,,release,,,,,,,,,,,,,,,,98,195,195,f593161df222b06e4a23dd7fc6960dc430dd3c25,21205470111025221,10000,8,1585387.295,149,0,0,0,0,26271,21205470111025221,10000,1,63,32.254,,,,,,
capacity,cpu_metadata_fixed_32,adversarial,fixed_32,,,,,,,,510211,571808,571808,61597,17869,0,0,1987,0.8922767782,,,,f593161df222b06e4a23dd7fc6960dc430dd3c25,21205470111025221,10000,8,,,,,,,,,,,,,0,11494033408,12881690624,12881690624,1387657216,0
summary,cpu_metadata_fixed_32,adversarial,,create,,,,,,,,,,,,,,,,100,100,100,f593161df222b06e4a23dd7fc6960dc430dd3c25,21205470111025221,10000,8,839024.8585,65,0,0,0,0,22900,21205470111025221,10000,1,513,256.9744,,,,,,
summary,cpu_metadata_fixed_32,adversarial,,append,,,,,,,,,,,,,,,,500,900,1000,f593161df222b06e4a23dd7fc6960dc430dd3c25,21205470111025221,10000,8,839024.8585,533,0,0,0,100,42100,21205470111025221,10000,1,513,256.9744,,,,,,
summary,cpu_metadata_fixed_32,adversarial,,release,,,,,,,,,,,,,,,,300,500,500,f593161df222b06e4a23dd7fc6960dc430dd3c25,21205470111025221,10000,8,839024.8585,315,0,0,0,0,21700,21205470111025221,10000,1,513,256.9744,,,,,,
capacity,cpu_metadata_fixed_32,fork_cow,fixed_32,,,,,,,,185654,383808,383808,198154,11994,0,0,10000,0.4837158162,,,,f593161df222b06e4a23dd7fc6960dc430dd3c25,21205470111025221,10000,8,,,,,,,,,,,,,137965,4182413312,8646426624,8646426624,4464013312,3108075520
summary,cpu_metadata_fixed_32,fork_cow,,create,,,,,,,,,,,,,,,,98,99,99,f593161df222b06e4a23dd7fc6960dc430dd3c25,21205470111025221,10000,8,1208655.667,58,0,0,0,0,9436,21205470111025221,10000,2,64,18.5654,,,,,,
summary,cpu_metadata_fixed_32,fork_cow,,append,,,,,,,,,,,,,,,,99,197,197,f593161df222b06e4a23dd7fc6960dc430dd3c25,21205470111025221,10000,8,1208655.667,130,0,0,0,98,492,21205470111025221,10000,2,64,18.5654,,,,,,
summary,cpu_metadata_fixed_32,fork_cow,,seal,,,,,,,,,,,,,,,,0,99,99,f593161df222b06e4a23dd7fc6960dc430dd3c25,21205470111025221,10000,8,1208655.667,49,0,0,0,0,393,21205470111025221,10000,2,64,18.5654,,,,,,
summary,cpu_metadata_fixed_32,fork_cow,,fork,,,,,,,,,,,,,,,,98,99,196,f593161df222b06e4a23dd7fc6960dc430dd3c25,21205470111025221,10000,8,1208655.667,90,0,0,0,0,12483,21205470111025221,10000,2,64,18.5654,,,,,,
summary,cpu_metadata_fixed_32,fork_cow,,cow_append,,,,,,,,,,,,,,,,99,197,295,f593161df222b06e4a23dd7fc6960dc430dd3c25,21205470111025221,10000,8,1208655.667,155,0,0,0,98,19463,21205470111025221,10000,2,64,18.5654,,,,,,
summary,cpu_metadata_fixed_32,fork_cow,,release,,,,,,,,,,,,,,,,98,197,197,f593161df222b06e4a23dd7fc6960dc430dd3c25,21205470111025221,10000,8,1208655.667,112,0,0,0,0,14449,21205470111025221,10000,2,64,18.5654,,,,,,
capacity,cpu_metadata_fixed_32,long,fixed_32,,,,,,,,554233,571616,571616,17383,17863,0,0,1118,0.9695897246,,,,f593161df222b06e4a23dd7fc6960dc430dd3c25,21205470111025221,10000,8,,,,,,,,,,,,,0,12485761024,12877365248,12877365248,391604224,0
summary,cpu_metadata_fixed_32,long,,create,,,,,,,,,,,,,,,,98,99,99,f593161df222b06e4a23dd7fc6960dc430dd3c25,21205470111025221,10000,8,591286.2966,64,0,0,0,0,21920,21205470111025221,10000,448,544,496.2308,,,,,,
summary,cpu_metadata_fixed_32,long,,append,,,,,,,,,,,,,,,,787,983,983,f593161df222b06e4a23dd7fc6960dc430dd3c25,21205470111025221,10000,8,591286.2966,864,0,0,0,688,23100,21205470111025221,10000,448,544,496.2308,,,,,,
summary,cpu_metadata_fixed_32,long,,release,,,,,,,,,,,,,,,,491,492,590,f593161df222b06e4a23dd7fc6960dc430dd3c25,21205470111025221,10000,8,591286.2966,500,0,0,0,393,35780,21205470111025221,10000,448,544,496.2308,,,,,,
capacity,cpu_metadata_fixed_32,mixed,fixed_32,,,,,,,,514169,571648,571648,57479,17864,0,0,3617,0.8994503611,,,,f593161df222b06e4a23dd7fc6960dc430dd3c25,21205470111025221,10000,8,,,,,,,,,,,,,0,11583199232,12878086144,12878086144,1294886912,0
summary,cpu_metadata_fixed_32,mixed,,create,,,,,,,,,,,,,,,,100,100,100,f593161df222b06e4a23dd7fc6960dc430dd3c25,21205470111025221,10000,8,1131938.913,63,0,0,0,0,12100,21205470111025221,10000,1,544,141.2999,,,,,,
summary,cpu_metadata_fixed_32,mixed,,append,,,,,,,,,,,,,,,,200,800,900,f593161df222b06e4a23dd7fc6960dc430dd3c25,21205470111025221,10000,8,1131938.913,323,0,0,0,100,22600,21205470111025221,10000,1,544,141.2999,,,,,,
summary,cpu_metadata_fixed_32,mixed,,release,,,,,,,,,,,,,,,,200,500,500,f593161df222b06e4a23dd7fc6960dc430dd3c25,21205470111025221,10000,8,1131938.913,232,0,0,0,0,139800,21205470111025221,10000,1,544,141.2999,,,,,,
capacity,cpu_metadata_fixed_32,shared_prompt,fixed_32,,,,,,,,534676,571840,571840,37164,17870,0,0,2386,0.9350097929,,,,f593161df222b06e4a23dd7fc6960dc430dd3c25,21205470111025221,10000,8,,,,,,,,,,,,,1599552,12045180928,12882411520,12882411520,837230592,36034707456
summary,cpu_metadata_fixed_32,shared_prompt,,create,,,,,,,,,,,,,,,,98,99,99,f593161df222b06e4a23dd7fc6960dc430dd3c25,21205470111025221,10000,8,948089.2683,55,0,0,0,0,1671,21205470111025221,10000,65,319,224.0039,,,,,,
summary,cpu_metadata_fixed_32,shared_prompt,,append,,,,,,,,,,,,,,,,197,393,492,f593161df222b06e4a23dd7fc6960dc430dd3c25,21205470111025221,10000,8,948089.2683,235,0,0,0,98,16219,21205470111025221,10000,65,319,224.0039,,,,,,
summary,cpu_metadata_fixed_32,shared_prompt,,fork,,,,,,,,,,,,,,,,98,197,197,f593161df222b06e4a23dd7fc6960dc430dd3c25,21205470111025221,10000,8,948089.2683,123,0,0,0,0,15039,21205470111025221,10000,65,319,224.0039,,,,,,
summary,cpu_metadata_fixed_32,shared_prompt,,release,,,,,,,,,,,,,,,,196,294,295,f593161df222b06e4a23dd7fc6960dc430dd3c25,21205470111025221,10000,8,948089.2683,168,0,0,0,98,22412,21205470111025221,10000,65,319,224.0039,,,,,,
capacity,cpu_metadata_fixed_32,short,fixed_32,,,,,,,,322540,479392,479392,156852,14981,0,0,10000,0.67281056,,,,f593161df222b06e4a23dd7fc6960dc430dd3c25,21205470111025221,10000,8,,,,,,,,,,,,,0,7266181120,10799742976,10799742976,3533561856,0
summary,cpu_metadata_fixed_32,short,,create,,,,,,,,,,,,,,,,100,100,100,f593161df222b06e4a23dd7fc6960dc430dd3c25,21205470111025221,10000,8,1626148.732,65,0,0,0,0,19500,21205470111025221,10000,1,63,32.254,,,,,,
summary,cpu_metadata_fixed_32,short,,append,,,,,,,,,,,,,,,,100,200,200,f593161df222b06e4a23dd7fc6960dc430dd3c25,21205470111025221,10000,8,1626148.732,154,0,0,0,100,24200,21205470111025221,10000,1,63,32.254,,,,,,
summary,cpu_metadata_fixed_32,short,,release,,,,,,,,,,,,,,,,100,200,200,f593161df222b06e4a23dd7fc6960dc430dd3c25,21205470111025221,10000,8,1626148.732,143,0,0,0,0,104600,21205470111025221,10000,1,63,32.254,,,,,,
capacity,cpu_metadata_fixed_64,adversarial,fixed_64,,,,,,,,458940,571584,571584,112644,8931,0,0,1788,0.802926604,,,,f593161df222b06e4a23dd7fc6960dc430dd3c25,21205470111025221,10000,8,,,,,,,,,,,,,0,10339000320,12876644352,12876644352,2537644032,0
summary,cpu_metadata_fixed_64,adversarial,,create,,,,,,,,,,,,,,,,98,99,99,f593161df222b06e4a23dd7fc6960dc430dd3c25,21205470111025221,10000,8,1141344.828,59,0,0,0,0,1671,21205470111025221,10000,1,513,256.9744,,,,,,
summary,cpu_metadata_fixed_64,adversarial,,append,,,,,,,,,,,,,,,,295,492,590,f593161df222b06e4a23dd7fc6960dc430dd3c25,21205470111025221,10000,8,1141344.828,328,0,0,0,98,47477,21205470111025221,10000,1,513,256.9744,,,,,,
summary,cpu_metadata_fixed_64,adversarial,,release,,,,,,,,,,,,,,,,197,295,393,f593161df222b06e4a23dd7fc6960dc430dd3c25,21205470111025221,10000,8,1141344.828,212,0,0,0,0,13467,21205470111025221,10000,1,513,256.9744,,,,,,
capacity,cpu_metadata_fixed_64,fork_cow,fixed_64,,,,,,,,166018,571904,571904,405886,8936,0,0,8936,0.2902899787,,,,f593161df222b06e4a23dd7fc6960dc430dd3c25,21205470111025221,10000,8,,,,,,,,,,,,,137965,3740053504,12883853312,12883853312,9143799808,3108075520
summary,cpu_metadata_fixed_64,fork_cow,,create,,,,,,,,,,,,,,,,98,99,99,f593161df222b06e4a23dd7fc6960dc430dd3c25,21205470111025221,10000,8,1145160.42,56,0,0,0,0,1376,21205470111025221,10000,2,64,18.5654,,,,,,
summary,cpu_metadata_fixed_64,fork_cow,,append,,,,,,,,,,,,,,,,98,197,197,f593161df222b06e4a23dd7fc6960dc430dd3c25,21205470111025221,10000,8,1145160.42,115,0,0,0,98,983,21205470111025221,10000,2,64,18.5654,,,,,,
summary,cpu_metadata_fixed_64,fork_cow,,seal,,,,,,,,,,,,,,,,0,99,99,f593161df222b06e4a23dd7fc6960dc430dd3c25,21205470111025221,10000,8,1145160.42,45,0,0,0,0,294,21205470111025221,10000,2,64,18.5654,,,,,,
summary,cpu_metadata_fixed_64,fork_cow,,fork,,,,,,,,,,,,,,,,98,99,99,f593161df222b06e4a23dd7fc6960dc430dd3c25,21205470111025221,10000,8,1145160.42,86,0,0,0,0,9829,21205470111025221,10000,2,64,18.5654,,,,,,
summary,cpu_metadata_fixed_64,fork_cow,,cow_append,,,,,,,,,,,,,,,,99,197,197,f593161df222b06e4a23dd7fc6960dc430dd3c25,21205470111025221,10000,8,1145160.42,150,0,0,0,98,14056,21205470111025221,10000,2,64,18.5654,,,,,,
summary,cpu_metadata_fixed_64,fork_cow,,release,,,,,,,,,,,,,,,,98,99,197,f593161df222b06e4a23dd7fc6960dc430dd3c25,21205470111025221,10000,8,1145160.42,101,0,0,0,0,12680,21205470111025221,10000,2,64,18.5654,,,,,,
capacity,cpu_metadata_fixed_64,long,fixed_64,,,,,,,,532831,571648,571648,38817,8932,0,0,1075,0.932096325,,,,f593161df222b06e4a23dd7fc6960dc430dd3c25,21205470111025221,10000,8,,,,,,,,,,,,,0,12003616768,12878086144,12878086144,874469376,0
summary,cpu_metadata_fixed_64,long,,create,,,,,,,,,,,,,,,,98,99,99,f593161df222b06e4a23dd7fc6960dc430dd3c25,21205470111025221,10000,8,886522.3863,61,0,0,0,0,9141,21205470111025221,10000,448,544,496.2308,,,,,,
summary,cpu_metadata_fixed_64,long,,append,,,,,,,,,,,,,,,,491,492,590,f593161df222b06e4a23dd7fc6960dc430dd3c25,21205470111025221,10000,8,886522.3863,468,0,0,0,393,43152,21205470111025221,10000,448,544,496.2308,,,,,,
summary,cpu_metadata_fixed_64,long,,release,,,,,,,,,,,,,,,,295,295,394,f593161df222b06e4a23dd7fc6960dc430dd3c25,21205470111025221,10000,8,886522.3863,303,0,0,0,196,22903,21205470111025221,10000,448,544,496.2308,,,,,,
capacity,cpu_metadata_fixed_64,mixed,fixed_64,,,,,,,,467292,571648,571648,104356,8932,0,0,3261,0.8174471003,,,,f593161df222b06e4a23dd7fc6960dc430dd3c25,21205470111025221,10000,8,,,,,,,,,,,,,0,10527154176,12878086144,12878086144,2350931968,0
summary,cpu_metadata_fixed_64,mixed,,create,,,,,,,,,,,,,,,,98,99,99,f593161df222b06e4a23dd7fc6960dc430dd3c25,21205470111025221,10000,8,1427581.91,63,0,0,0,0,19758,21205470111025221,10000,1,544,141.2999,,,,,,
summary,cpu_metadata_fixed_64,mixed,,append,,,,,,,,,,,,,,,,196,394,492,f593161df222b06e4a23dd7fc6960dc430dd3c25,21205470111025221,10000,8,1427581.91,214,0,0,0,98,97706,21205470111025221,10000,1,544,141.2999,,,,,,
summary,cpu_metadata_fixed_64,mixed,,release,,,,,,,,,,,,,,,,99,295,295,f593161df222b06e4a23dd7fc6960dc430dd3c25,21205470111025221,10000,8,1427581.91,153,0,0,0,0,30865,21205470111025221,10000,1,544,141.2999,,,,,,
capacity,cpu_metadata_fixed_64,shared_prompt,fixed_64,,,,,,,,500690,571840,571840,71150,8935,0,0,2235,0.8755770845,,,,f593161df222b06e4a23dd7fc6960dc430dd3c25,21205470111025221,10000,8,,,,,,,,,,,,,1599552,11279544320,12882411520,12882411520,1602867200,36034707456
summary,cpu_metadata_fixed_64,shared_prompt,,create,,,,,,,,,,,,,,,,98,99,196,f593161df222b06e4a23dd7fc6960dc430dd3c25,21205470111025221,10000,8,1083219.063,61,0,0,0,0,12189,21205470111025221,10000,65,319,224.0039,,,,,,
summary,cpu_metadata_fixed_64,shared_prompt,,append,,,,,,,,,,,,,,,,196,197,295,f593161df222b06e4a23dd7fc6960dc430dd3c25,21205470111025221,10000,8,1083219.063,174,0,0,0,98,23984,21205470111025221,10000,65,319,224.0039,,,,,,
summary,cpu_metadata_fixed_64,shared_prompt,,fork,,,,,,,,,,,,,,,,98,99,197,f593161df222b06e4a23dd7fc6960dc430dd3c25,21205470111025221,10000,8,1083219.063,109,0,0,0,0,24574,21205470111025221,10000,65,319,224.0039,,,,,,
summary,cpu_metadata_fixed_64,shared_prompt,,release,,,,,,,,,,,,,,,,98,197,197,f593161df222b06e4a23dd7fc6960dc430dd3c25,21205470111025221,10000,8,1083219.063,135,0,0,0,0,31750,21205470111025221,10000,65,319,224.0039,,,,,,
capacity,cpu_metadata_fixed_64,short,fixed_64,,,,,,,,288053,571904,571904,283851,8936,0,0,8936,0.5036736935,,,,f593161df222b06e4a23dd7fc6960dc430dd3c25,21205470111025221,10000,8,,,,,,,,,,,,,0,6489257984,12883853312,12883853312,6394595328,0
summary,cpu_metadata_fixed_64,short,,create,,,,,,,,,,,,,,,,98,99,99,f593161df222b06e4a23dd7fc6960dc430dd3c25,21205470111025221,10000,8,1880997.915,60,0,0,0,0,48853,21205470111025221,10000,1,63,32.254,,,,,,
summary,cpu_metadata_fixed_64,short,,append,,,,,,,,,,,,,,,,98,197,197,f593161df222b06e4a23dd7fc6960dc430dd3c25,21205470111025221,10000,8,1880997.915,123,0,0,0,98,13761,21205470111025221,10000,1,63,32.254,,,,,,
summary,cpu_metadata_fixed_64,short,,release,,,,,,,,,,,,,,,,98,99,197,f593161df222b06e4a23dd7fc6960dc430dd3c25,21205470111025221,10000,8,1880997.915,97,0,0,0,0,16907,21205470111025221,10000,1,63,32.254,,,,,,
capacity,cpu_metadata_fixed_8,adversarial,fixed_8,,,,,,,,556471,571640,571640,15169,71455,0,0,2167,0.9734640683,,,,f593161df222b06e4a23dd7fc6960dc430dd3c25,21205470111025221,10000,8,,,,,,,,,,,,,0,12536178688,12877905920,12877905920,341727232,0
summary,cpu_metadata_fixed_8,adversarial,,create,,,,,,,,,,,,,,,,97,98,195,f593161df222b06e4a23dd7fc6960dc430dd3c25,21205470111025221,10000,8,286208.4696,68,0,0,0,0,12260,21205470111025221,10000,1,513,256.9744,,,,,,
summary,cpu_metadata_fixed_8,adversarial,,append,,,,,,,,,,,,,,,,1849,4671,4963,f593161df222b06e4a23dd7fc6960dc430dd3c25,21205470111025221,10000,8,286208.4696,2251,0,0,0,97,37266,21205470111025221,10000,1,513,256.9744,,,,,,
summary,cpu_metadata_fixed_8,adversarial,,release,,,,,,,,,,,,,,,,876,1654,1655,f593161df222b06e4a23dd7fc6960dc430dd3c25,21205470111025221,10000,8,286208.4696,920,0,0,0,0,69083,21205470111025221,10000,1,513,256.9744,,,,,,
capacity,cpu_metadata_fixed_8,fork_cow,fixed_8,,,,,,,,185654,223680,223680,38026,27960,0,0,10000,0.8299982117,,,,f593161df222b06e4a23dd7fc6960dc430dd3c25,21205470111025221,10000,8,,,,,,,,,,,,,137965,4182413312,5039063040,5039063040,856649728,3108075520
summary,cpu_metadata_fixed_8,fork_cow,,create,,,,,,,,,,,,,,,,97,98,194,f593161df222b06e4a23dd7fc6960dc430dd3c25,21205470111025221,10000,8,1094566.375,54,0,0,0,0,2530,21205470111025221,10000,2,64,18.5654,,,,,,
summary,cpu_metadata_fixed_8,fork_cow,,append,,,,,,,,,,,,,,,,194,487,487,f593161df222b06e4a23dd7fc6960dc430dd3c25,21205470111025221,10000,8,1094566.375,233,0,0,0,97,23839,21205470111025221,10000,2,64,18.5654,,,,,,
summary,cpu_metadata_fixed_8,fork_cow,,seal,,,,,,,,,,,,,,,,97,98,98,f593161df222b06e4a23dd7fc6960dc430dd3c25,21205470111025221,10000,8,1094566.375,50,0,0,0,0,390,21205470111025221,10000,2,64,18.5654,,,,,,
summary,cpu_metadata_fixed_8,fork_cow,,fork,,,,,,,,,,,,,,,,97,195,195,f593161df222b06e4a23dd7fc6960dc430dd3c25,21205470111025221,10000,8,1094566.375,103,0,0,0,0,14206,21205470111025221,10000,2,64,18.5654,,,,,,
summary,cpu_metadata_fixed_8,fork_cow,,cow_append,,,,,,,,,,,,,,,,194,195,292,f593161df222b06e4a23dd7fc6960dc430dd3c25,21205470111025221,10000,8,1094566.375,166,0,0,0,97,10022,21205470111025221,10000,2,64,18.5654,,,,,,
summary,cpu_metadata_fixed_8,fork_cow,,release,,,,,,,,,,,,,,,,97,195,292,f593161df222b06e4a23dd7fc6960dc430dd3c25,21205470111025221,10000,8,1094566.375,133,0,0,0,0,15276,21205470111025221,10000,2,64,18.5654,,,,,,
capacity,cpu_metadata_fixed_8,long,fixed_8,,,,,,,,567460,571536,571536,4076,71442,0,0,1145,0.9928683408,,,,f593161df222b06e4a23dd7fc6960dc430dd3c25,21205470111025221,10000,8,,,,,,,,,,,,,0,12783738880,12875563008,12875563008,91824128,0
summary,cpu_metadata_fixed_8,long,,create,,,,,,,,,,,,,,,,97,195,292,f593161df222b06e4a23dd7fc6960dc430dd3c25,21205470111025221,10000,8,120730.4273,81,0,0,0,0,12260,21205470111025221,10000,448,544,496.2308,,,,,,
summary,cpu_metadata_fixed_8,long,,append,,,,,,,,,,,,,,,,4573,10995,17222,f593161df222b06e4a23dd7fc6960dc430dd3c25,21205470111025221,10000,8,120730.4273,5828,0,0,0,3600,166092,21205470111025221,10000,448,544,496.2308,,,,,,
summary,cpu_metadata_fixed_8,long,,release,,,,,,,,,,,,,,,,1557,3794,4476,f593161df222b06e4a23dd7fc6960dc430dd3c25,21205470111025221,10000,8,120730.4273,2074,0,0,0,1362,73462,21205470111025221,10000,448,544,496.2308,,,,,,
capacity,cpu_metadata_fixed_8,mixed,fixed_8,,,,,,,,557841,571712,571712,13871,71464,0,0,3904,0.9757377841,,,,f593161df222b06e4a23dd7fc6960dc430dd3c25,21205470111025221,10000,8,,,,,,,,,,,,,0,12567042048,12879527936,12879527936,312485888,0
summary,cpu_metadata_fixed_8,mixed,,create,,,,,,,,,,,,,,,,97,98,195,f593161df222b06e4a23dd7fc6960dc430dd3c25,21205470111025221,10000,8,472897.3765,70,0,0,0,0,17514,21205470111025221,10000,1,544,141.2999,,,,,,
summary,cpu_metadata_fixed_8,mixed,,append,,,,,,,,,,,,,,,,681,4281,5060,f593161df222b06e4a23dd7fc6960dc430dd3c25,21205470111025221,10000,8,472897.3765,1222,0,0,0,97,123377,21205470111025221,10000,1,544,141.2999,,,,,,
summary,cpu_metadata_fixed_8,mixed,,release,,,,,,,,,,,,,,,,389,1460,1751,f593161df222b06e4a23dd7fc6960dc430dd3c25,21205470111025221,10000,8,472897.3765,553,0,0,0,97,29287,21205470111025221,10000,1,544,141.2999,,,,,,
capacity,cpu_metadata_fixed_8,shared_prompt,fixed_8,,,,,,,,562842,571816,571816,8974,71477,0,0,2511,0.9843061404,,,,f593161df222b06e4a23dd7fc6960dc430dd3c25,21205470111025221,10000,8,,,,,,,,,,,,,1599552,12679704576,12881870848,12881870848,202166272,36034707456
summary,cpu_metadata_fixed_8,shared_prompt,,create,,,,,,,,,,,,,,,,97,98,195,f593161df222b06e4a23dd7fc6960dc430dd3c25,21205470111025221,10000,8,427431.9865,55,0,0,0,0,1751,21205470111025221,10000,65,319,224.0039,,,,,,
summary,cpu_metadata_fixed_8,shared_prompt,,append,,,,,,,,,,,,,,,,875,1752,1946,f593161df222b06e4a23dd7fc6960dc430dd3c25,21205470111025221,10000,8,427431.9865,927,0,0,0,194,60034,21205470111025221,10000,65,319,224.0039,,,,,,
summary,cpu_metadata_fixed_8,shared_prompt,,fork,,,,,,,,,,,,,,,,195,292,389,f593161df222b06e4a23dd7fc6960dc430dd3c25,21205470111025221,10000,8,427431.9865,235,0,0,0,97,88641,21205470111025221,10000,65,319,224.0039,,,,,,
summary,cpu_metadata_fixed_8,shared_prompt,,release,,,,,,,,,,,,,,,,389,875,876,f593161df222b06e4a23dd7fc6960dc430dd3c25,21205470111025221,10000,8,427431.9865,391,0,0,0,97,22769,21205470111025221,10000,65,319,224.0039,,,,,,
capacity,cpu_metadata_fixed_8,short,fixed_8,,,,,,,,322540,358448,358448,35908,44806,0,0,10000,0.8998236843,,,,f593161df222b06e4a23dd7fc6960dc430dd3c25,21205470111025221,10000,8,,,,,,,,,,,,,0,7266181120,8075116544,8075116544,808935424,0
summary,cpu_metadata_fixed_8,short,,create,,,,,,,,,,,,,,,,97,195,195,f593161df222b06e4a23dd7fc6960dc430dd3c25,21205470111025221,10000,8,773972.9012,105,0,0,0,0,23352,21205470111025221,10000,1,63,32.254,,,,,,
summary,cpu_metadata_fixed_8,short,,append,,,,,,,,,,,,,,,,389,876,973,f593161df222b06e4a23dd7fc6960dc430dd3c25,21205470111025221,10000,8,773972.9012,471,0,0,0,97,93312,21205470111025221,10000,1,63,32.254,,,,,,
summary,cpu_metadata_fixed_8,short,,release,,,,,,,,,,,,,,,,292,584,681,f593161df222b06e4a23dd7fc6960dc430dd3c25,21205470111025221,10000,8,773972.9012,325,0,0,0,97,56045,21205470111025221,10000,1,63,32.254,,,,,,
capacity,cpu_metadata,adversarial,contiguous_max,,,,,,,,2569744,5440000,5440000,2870256,10000,0,0,1051,0.4723794118,,,,f593161df222b06e4a23dd7fc6960dc430dd3c25,21205470111025221,10000,8,,,,,,,,,,,,,0,57891192832,122552320000,122552320000,64661127168,0
capacity,cpu_metadata,adversarial,fixed_8,,,,,,,,2569744,2639744,2639744,70000,329968,0,0,2166,0.9734822771,,,,f593161df222b06e4a23dd7fc6960dc430dd3c25,21205470111025221,10000,8,,,,,,,,,,,,,0,57891192832,59468152832,59468152832,1576960000,0
capacity,cpu_metadata,adversarial,fixed_16,,,,,,,,2569744,2719744,2719744,150000,169984,0,0,2102,0.9448477504,,,,f593161df222b06e4a23dd7fc6960dc430dd3c25,21205470111025221,10000,8,,,,,,,,,,,,,0,57891192832,61270392832,61270392832,3379200000,0
capacity,cpu_metadata,adversarial,fixed_32,,,,,,,,2569744,2879744,2879744,310000,89992,0,0,1986,0.8923515424,,,,f593161df222b06e4a23dd7fc6960dc430dd3c25,21205470111025221,10000,8,,,,,,,,,,,,,0,57891192832,64874872832,64874872832,6983680000,0
capacity,cpu_metadata,adversarial,fixed_64,,,,,,,,2569744,3199744,3199744,630000,49996,0,0,1787,0.8031092487,,,,f593161df222b06e4a23dd7fc6960dc430dd3c25,21205470111025221,10000,8,,,,,,,,,,,,,0,57891192832,72083832832,72083832832,14192640000,0
capacity,cpu_metadata,adversarial,hetero_8_64_without_promotion,,,,,,,,2569744,2639744,2639744,70000,329968,329968,0,2166,0.9734822771,,,,f593161df222b06e4a23dd7fc6960dc430dd3c25,21205470111025221,10000,8,,,,,,,,,,,,,0,57891192832,59468152832,59468152832,1576960000,0
capacity,cpu_metadata,adversarial,hetero_8_64_with_promotion,,,,,,,,2569744,2639744,2640256,70000,49996,10000,39996,2166,0.9734822771,,,,f593161df222b06e4a23dd7fc6960dc430dd3c25,21205470111025221,10000,8,,,,,,,,,,,,,0,57891192832,59468152832,59479687168,1576960000,0
summary,cpu_metadata,adversarial,,create,,,,,,,,,,,,,,,,97,98,194,f593161df222b06e4a23dd7fc6960dc430dd3c25,21205470111025221,10000,8,129361.7817,64,0,0,0,0,14108,21205470111025221,10000,1,513,256.9744,,,,,,
summary,cpu_metadata,adversarial,,append,,,,,,,,,,,,,,,,1849,4281,4573,f593161df222b06e4a23dd7fc6960dc430dd3c25,21205470111025221,10000,8,129361.7817,2139,0,0,0,97,49526,21205470111025221,10000,1,513,256.9744,,,,,,
summary,cpu_metadata,adversarial,,promote,,,,,,,,,,,,,,,,876,1946,2238,f593161df222b06e4a23dd7fc6960dc430dd3c25,21205470111025221,10000,8,129361.7817,1100,0,0,0,583,69862,21205470111025221,10000,1,513,256.9744,,,,,,
summary,cpu_metadata,adversarial,,release,,,,,,,,,,,,,,,,195,292,389,f593161df222b06e4a23dd7fc6960dc430dd3c25,21205470111025221,10000,8,129361.7817,222,0,0,0,0,36196,21205470111025221,10000,1,513,256.9744,,,,,,
capacity,cpu_metadata,fork_cow,contiguous_max,,,,,,,,185654,5440000,5440000,5254346,10000,0,0,1051,0.03412757353,,,,f593161df222b06e4a23dd7fc6960dc430dd3c25,21205470111025221,10000,8,,,,,,,,,,,,,137965,4182413312,122552320000,122552320000,118369906688,3108075520
capacity,cpu_metadata,fork_cow,fixed_8,,,,,,,,185654,223680,223680,38026,27960,0,0,10000,0.8299982117,,,,f593161df222b06e4a23dd7fc6960dc430dd3c25,21205470111025221,10000,8,,,,,,,,,,,,,137965,4182413312,5039063040,5039063040,856649728,3108075520
capacity,cpu_metadata,fork_cow,fixed_16,,,,,,,,185654,255712,255712,70058,15982,0,0,10000,0.7260277187,,,,f593161df222b06e4a23dd7fc6960dc430dd3c25,21205470111025221,10000,8,,,,,,,,,,,,,137965,4182413312,5760679936,5760679936,1578266624,3108075520
capacity,cpu_metadata,fork_cow,fixed_32,,,,,,,,185654,383808,383808,198154,11994,0,0,10000,0.4837158162,,,,f593161df222b06e4a23dd7fc6960dc430dd3c25,21205470111025221,10000,8,,,,,,,,,,,,,137965,4182413312,8646426624,8646426624,4464013312,3108075520
capacity,cpu_metadata,fork_cow,fixed_64,,,,,,,,185654,640000,640000,454346,10000,0,0,8936,0.290084375,,,,f593161df222b06e4a23dd7fc6960dc430dd3c25,21205470111025221,10000,8,,,,,,,,,,,,,137965,4182413312,14417920000,14417920000,10235506688,3108075520
capacity,cpu_metadata,fork_cow,hetero_8_64_without_promotion,,,,,,,,185654,223680,223680,38026,27960,27960,0,10000,0.8299982117,,,,f593161df222b06e4a23dd7fc6960dc430dd3c25,21205470111025221,10000,8,,,,,,,,,,,,,137965,4182413312,5039063040,5039063040,856649728,3108075520
capacity,cpu_metadata,fork_cow,hetero_8_64_with_promotion,,,,,,,,185654,223680,224192,38026,14002,12008,1994,10000,0.8299982117,,,,f593161df222b06e4a23dd7fc6960dc430dd3c25,21205470111025221,10000,8,,,,,,,,,,,,,137965,4182413312,5039063040,5050597376,856649728,3108075520
summary,cpu_metadata,fork_cow,,create,,,,,,,,,,,,,,,,97,98,98,f593161df222b06e4a23dd7fc6960dc430dd3c25,21205470111025221,10000,8,1079312.642,52,0,0,0,0,1848,21205470111025221,10000,2,64,18.5654,,,,,,
summary,cpu_metadata,fork_cow,,append,,,,,,,,,,,,,,,,194,486,487,f593161df222b06e4a23dd7fc6960dc430dd3c25,21205470111025221,10000,8,1079312.642,228,0,0,0,97,31136,21205470111025221,10000,2,64,18.5654,,,,,,
summary,cpu_metadata,fork_cow,,seal,,,,,,,,,,,,,,,,97,98,98,f593161df222b06e4a23dd7fc6960dc430dd3c25,21205470111025221,10000,8,1079312.642,49,0,0,0,0,390,21205470111025221,10000,2,64,18.5654,,,,,,
summary,cpu_metadata,fork_cow,,fork,,,,,,,,,,,,,,,,97,195,195,f593161df222b06e4a23dd7fc6960dc430dd3c25,21205470111025221,10000,8,1079312.642,101,0,0,0,0,21698,21205470111025221,10000,2,64,18.5654,,,,,,
summary,cpu_metadata,fork_cow,,cow_append,,,,,,,,,,,,,,,,194,195,292,f593161df222b06e4a23dd7fc6960dc430dd3c25,21205470111025221,10000,8,1079312.642,162,0,0,0,97,14790,21205470111025221,10000,2,64,18.5654,,,,,,
summary,cpu_metadata,fork_cow,,release,,,,,,,,,,,,,,,,97,195,292,f593161df222b06e4a23dd7fc6960dc430dd3c25,21205470111025221,10000,8,1079312.642,129,0,0,0,0,25201,21205470111025221,10000,2,64,18.5654,,,,,,
capacity,cpu_metadata,long,contiguous_max,,,,,,,,4962308,5440000,5440000,477692,10000,0,0,1051,0.9121889706,,,,f593161df222b06e4a23dd7fc6960dc430dd3c25,21205470111025221,10000,8,,,,,,,,,,,,,0,111790874624,122552320000,122552320000,10761445376,0
capacity,cpu_metadata,long,fixed_8,,,,,,,,4962308,4997024,4997024,34716,624628,0,0,1144,0.9930526649,,,,f593161df222b06e4a23dd7fc6960dc430dd3c25,21205470111025221,10000,8,,,,,,,,,,,,,0,111790874624,112572956672,112572956672,782082048,0
capacity,cpu_metadata,long,fixed_16,,,,,,,,4962308,5036944,5036944,74636,314809,0,0,1135,0.9851822851,,,,f593161df222b06e4a23dd7fc6960dc430dd3c25,21205470111025221,10000,8,,,,,,,,,,,,,0,111790874624,113472274432,113472274432,1681399808,0
capacity,cpu_metadata,long,fixed_32,,,,,,,,4962308,5115776,5115776,153468,159868,0,0,1118,0.9700010321,,,,f593161df222b06e4a23dd7fc6960dc430dd3c25,21205470111025221,10000,8,,,,,,,,,,,,,0,111790874624,115248201728,115248201728,3457327104,0
capacity,cpu_metadata,long,fixed_64,,,,,,,,4962308,5322816,5322816,360508,83169,0,0,1074,0.9322711888,,,,f593161df222b06e4a23dd7fc6960dc430dd3c25,21205470111025221,10000,8,,,,,,,,,,,,,0,111790874624,119912398848,119912398848,8121524224,0
capacity,cpu_metadata,long,hetero_8_64_without_promotion,,,,,,,,4962308,4997024,4997024,34716,624628,624628,0,1144,0.9930526649,,,,f593161df222b06e4a23dd7fc6960dc430dd3c25,21205470111025221,10000,8,,,,,,,,,,,,,0,111790874624,112572956672,112572956672,782082048,0
capacity,cpu_metadata,long,hetero_8_64_with_promotion,,,,,,,,4962308,4997024,4997536,34716,111017,37644,73373,1144,0.9930526649,,,,f593161df222b06e4a23dd7fc6960dc430dd3c25,21205470111025221,10000,8,,,,,,,,,,,,,0,111790874624,112572956672,112584491008,782082048,0
summary,cpu_metadata,long,,create,,,,,,,,,,,,,,,,97,98,195,f593161df222b06e4a23dd7fc6960dc430dd3c25,21205470111025221,10000,8,61855.56017,74,0,0,0,0,35222,21205470111025221,10000,448,544,496.2308,,,,,,
summary,cpu_metadata,long,,append,,,,,,,,,,,,,,,,4086,4573,14693,f593161df222b06e4a23dd7fc6960dc430dd3c25,21205470111025221,10000,8,61855.56017,4272,0,0,0,3405,83095,21205470111025221,10000,448,544,496.2308,,,,,,
summary,cpu_metadata,long,,promote,,,,,,,,,,,,,,,,1265,2237,2530,f593161df222b06e4a23dd7fc6960dc430dd3c25,21205470111025221,10000,8,61855.56017,1406,0,0,0,583,57310,21205470111025221,10000,448,544,496.2308,,,,,,
summary,cpu_metadata,long,,release,,,,,,,,,,,,,,,,389,487,681,f593161df222b06e4a23dd7fc6960dc430dd3c25,21205470111025221,10000,8,61855.56017,381,0,0,0,194,19460,21205470111025221,10000,448,544,496.2308,,,,,,
capacity,cpu_metadata,mixed,contiguous_max,,,,,,,,1412999,5440000,5440000,4027001,10000,0,0,1051,0.2597424632,,,,f593161df222b06e4a23dd7fc6960dc430dd3c25,21205470111025221,10000,8,,,,,,,,,,,,,0,31832041472,122552320000,122552320000,90720278528,0
capacity,cpu_metadata,mixed,fixed_8,,,,,,,,1412999,1448064,1448064,35065,181008,0,0,3949,0.9757849101,,,,f593161df222b06e4a23dd7fc6960dc430dd3c25,21205470111025221,10000,8,,,,,,,,,,,,,0,31832041472,32621985792,32621985792,789944320,0
capacity,cpu_metadata,mixed,fixed_16,,,,,,,,1412999,1488320,1488320,75321,93020,0,0,3842,0.9493919318,,,,f593161df222b06e4a23dd7fc6960dc430dd3c25,21205470111025221,10000,8,,,,,,,,,,,,,0,31832041472,33528872960,33528872960,1696831488,0
capacity,cpu_metadata,mixed,fixed_32,,,,,,,,1412999,1568672,1568672,155673,49021,0,0,3646,0.9007612809,,,,f593161df222b06e4a23dd7fc6960dc430dd3c25,21205470111025221,10000,8,,,,,,,,,,,,,0,31832041472,35339042816,35339042816,3507001344,0
capacity,cpu_metadata,mixed,fixed_64,,,,,,,,1412999,1730048,1730048,317049,27032,0,0,3305,0.8167397668,,,,f593161df222b06e4a23dd7fc6960dc430dd3c25,21205470111025221,10000,8,,,,,,,,,,,,,0,31832041472,38974521344,38974521344,7142479872,0
capacity,cpu_metadata,mixed,hetero_8_64_without_promotion,,,,,,,,1412999,1448064,1448064,35065,181008,181008,0,3949,0.9757849101,,,,f593161df222b06e4a23dd7fc6960dc430dd3c25,21205470111025221,10000,8,,,,,,,,,,,,,0,31832041472,32621985792,32621985792,789944320,0
capacity,cpu_metadata,mixed,hetero_8_64_with_promotion,,,,,,,,1412999,1448064,1448576,35065,60790,43616,17174,3949,0.9757849101,,,,f593161df222b06e4a23dd7fc6960dc430dd3c25,21205470111025221,10000,8,,,,,,,,,,,,,0,31832041472,32621985792,32633520128,789944320,0
summary,cpu_metadata,mixed,,create,,,,,,,,,,,,,,,,97,98,195,f593161df222b06e4a23dd7fc6960dc430dd3c25,21205470111025221,10000,8,251556.2464,71,0,0,0,0,16152,21205470111025221,10000,1,544,141.2999,,,,,,
summary,cpu_metadata,mixed,,append,,,,,,,,,,,,,,,,681,3989,4671,f593161df222b06e4a23dd7fc6960dc430dd3c25,21205470111025221,10000,8,251556.2464,1200,0,0,0,97,41645,21205470111025221,10000,1,544,141.2999,,,,,,
summary,cpu_metadata,mixed,,promote,,,,,,,,,,,,,,,,875,1946,2627,f593161df222b06e4a23dd7fc6960dc430dd3c25,21205470111025221,10000,8,251556.2464,1094,0,0,0,583,58964,21205470111025221,10000,1,544,141.2999,,,,,,
summary,cpu_metadata,mixed,,release,,,,,,,,,,,,,,,,195,389,487,f593161df222b06e4a23dd7fc6960dc430dd3c25,21205470111025221,10000,8,251556.2464,276,0,0,0,97,22088,21205470111025221,10000,1,544,141.2999,,,,,,
capacity,cpu_metadata,shared_prompt,contiguous_max,,,,,,,,2240039,5440000,5440000,3199961,10000,0,0,1051,0.411771875,,,,f593161df222b06e4a23dd7fc6960dc430dd3c25,21205470111025221,10000,8,,,,,,,,,,,,,1599552,50463598592,122552320000,122552320000,72088721408,36034707456
capacity,cpu_metadata,shared_prompt,fixed_8,,,,,,,,2240039,2275624,2275624,35585,284453,0,0,2513,0.9843625309,,,,f593161df222b06e4a23dd7fc6960dc430dd3c25,21205470111025221,10000,8,,,,,,,,,,,,,1599552,50463598592,51265257472,51265257472,801658880,36034707456
capacity,cpu_metadata,shared_prompt,fixed_16,,,,,,,,2240039,2316368,2316368,76329,144773,0,0,2469,0.967047982,,,,f593161df222b06e4a23dd7fc6960dc430dd3c25,21205470111025221,10000,8,,,,,,,,,,,,,1599552,50463598592,52183138304,52183138304,1719539712,36034707456
capacity,cpu_metadata,shared_prompt,fixed_32,,,,,,,,2240039,2397856,2397856,157817,74933,0,0,2385,0.9341841211,,,,f593161df222b06e4a23dd7fc6960dc430dd3c25,21205470111025221,10000,8,,,,,,,,,,,,,1599552,50463598592,54018899968,54018899968,3555301376,36034707456
capacity,cpu_metadata,shared_prompt,fixed_64,,,,,,,,2240039,2559616,2559616,319577,39994,0,0,2234,0.8751465064,,,,f593161df222b06e4a23dd7fc6960dc430dd3c25,21205470111025221,10000,8,,,,,,,,,,,,,1599552,50463598592,57663029248,57663029248,7199430656,36034707456
capacity,cpu_metadata,shared_prompt,hetero_8_64_without_promotion,,,,,,,,2240039,2275624,2275624,35585,284453,284453,0,2513,0.9843625309,,,,f593161df222b06e4a23dd7fc6960dc430dd3c25,21205470111025221,10000,8,,,,,,,,,,,,,1599552,50463598592,51265257472,51265257472,801658880,36034707456
capacity,cpu_metadata,shared_prompt,hetero_8_64_with_promotion,,,,,,,,2240039,2275624,2276136,35585,74495,44501,29994,2513,0.9843625309,,,,f593161df222b06e4a23dd7fc6960dc430dd3c25,21205470111025221,10000,8,,,,,,,,,,,,,1599552,50463598592,51265257472,51276791808,801658880,36034707456
summary,cpu_metadata,shared_prompt,,create,,,,,,,,,,,,,,,,97,98,195,f593161df222b06e4a23dd7fc6960dc430dd3c25,21205470111025221,10000,8,441044.1509,53,0,0,0,0,1751,21205470111025221,10000,65,319,224.0039,,,,,,
summary,cpu_metadata,shared_prompt,,append,,,,,,,,,,,,,,,,779,1751,1849,f593161df222b06e4a23dd7fc6960dc430dd3c25,21205470111025221,10000,8,441044.1509,873,0,0,0,194,24033,21205470111025221,10000,65,319,224.0039,,,,,,
summary,cpu_metadata,shared_prompt,,fork,,,,,,,,,,,,,,,,292,292,390,f593161df222b06e4a23dd7fc6960dc430dd3c25,21205470111025221,10000,8,441044.1509,264,0,0,0,97,32498,21205470111025221,10000,65,319,224.0039,,,,,,
summary,cpu_metadata,shared_prompt,,release,,,,,,,,,,,,,,,,389,875,876,f593161df222b06e4a23dd7fc6960dc430dd3c25,21205470111025221,10000,8,441044.1509,406,0,0,0,97,26174,21205470111025221,10000,65,319,224.0039,,,,,,
capacity,cpu_metadata,short,contiguous_max,,,,,,,,322540,5440000,5440000,5117460,10000,0,0,1051,0.05929044118,,,,f593161df222b06e4a23dd7fc6960dc430dd3c25,21205470111025221,10000,8,,,,,,,,,,,,,0,7266181120,122552320000,122552320000,115286138880,0
capacity,cpu_metadata,short,fixed_8,,,,,,,,322540,358448,358448,35908,44806,0,0,10000,0.8998236843,,,,f593161df222b06e4a23dd7fc6960dc430dd3c25,21205470111025221,10000,8,,,,,,,,,,,,,0,7266181120,8075116544,8075116544,808935424,0
capacity,cpu_metadata,short,fixed_16,,,,,,,,322540,398352,398352,75812,24897,0,0,10000,0.8096859059,,,,f593161df222b06e4a23dd7fc6960dc430dd3c25,21205470111025221,10000,8,,,,,,,,,,,,,0,7266181120,8974073856,8974073856,1707892736,0
capacity,cpu_metadata,short,fixed_32,,,,,,,,322540,479392,479392,156852,14981,0,0,10000,0.67281056,,,,f593161df222b06e4a23dd7fc6960dc430dd3c25,21205470111025221,10000,8,,,,,,,,,,,,,0,7266181120,10799742976,10799742976,3533561856,0
capacity,cpu_metadata,short,fixed_64,,,,,,,,322540,640000,640000,317460,10000,0,0,8936,0.50396875,,,,f593161df222b06e4a23dd7fc6960dc430dd3c25,21205470111025221,10000,8,,,,,,,,,,,,,0,7266181120,14417920000,14417920000,7151738880,0
capacity,cpu_metadata,short,hetero_8_64_without_promotion,,,,,,,,322540,358448,358448,35908,44806,44806,0,10000,0.8998236843,,,,f593161df222b06e4a23dd7fc6960dc430dd3c25,21205470111025221,10000,8,,,,,,,,,,,,,0,7266181120,8075116544,8075116544,808935424,0
capacity,cpu_metadata,short,hetero_8_64_with_promotion,,,,,,,,322540,358448,358448,35908,44806,44806,0,10000,0.8998236843,,,,f593161df222b06e4a23dd7fc6960dc430dd3c25,21205470111025221,10000,8,,,,,,,,,,,,,0,7266181120,8075116544,8075116544,808935424,0
summary,cpu_metadata,short,,create,,,,,,,,,,,,,,,,97,98,98,f593161df222b06e4a23dd7fc6960dc430dd3c25,21205470111025221,10000,8,1174791.742,60,0,0,0,0,12065,21205470111025221,10000,1,63,32.254,,,,,,
summary,cpu_metadata,short,,append,,,,,,,,,,,,,,,,292,390,487,f593161df222b06e4a23dd7fc6960dc430dd3c25,21205470111025221,10000,8,1174791.742,294,0,0,0,97,37266,21205470111025221,10000,1,63,32.254,,,,,,
summary,cpu_metadata,short,,release,,,,,,,,,,,,,,,,195,292,389,f593161df222b06e4a23dd7fc6960dc430dd3c25,21205470111025221,10000,8,1174791.742,212,0,0,0,0,43299,21205470111025221,10000,1,63,32.254,,,,,,
capacity,cuda_data_path_fixed_16,adversarial,contiguous_max,,,,,,,,2569744,5440000,5440000,2870256,10000,0,0,1051,0.4723794118,,,,f593161df222b06e4a23dd7fc6960dc430dd3c25,21205470111025221,10000,8,,,,,,,,,,,,,0,57891192832,122552320000,122552320000,64661127168,0
capacity,cuda_data_path_fixed_16,adversarial,fixed_8,,,,,,,,2569744,2639744,2639744,70000,329968,0,0,2166,0.9734822771,,,,f593161df222b06e4a23dd7fc6960dc430dd3c25,21205470111025221,10000,8,,,,,,,,,,,,,0,57891192832,59468152832,59468152832,1576960000,0
capacity,cuda_data_path_fixed_16,adversarial,fixed_16,,,,,,,,2569744,2719744,2719744,150000,169984,0,0,2102,0.9448477504,,,,f593161df222b06e4a23dd7fc6960dc430dd3c25,21205470111025221,10000,8,,,,,,,,,,,,,0,57891192832,61270392832,61270392832,3379200000,0
capacity,cuda_data_path_fixed_16,adversarial,fixed_32,,,,,,,,2569744,2879744,2879744,310000,89992,0,0,1986,0.8923515424,,,,f593161df222b06e4a23dd7fc6960dc430dd3c25,21205470111025221,10000,8,,,,,,,,,,,,,0,57891192832,64874872832,64874872832,6983680000,0
capacity,cuda_data_path_fixed_16,adversarial,fixed_64,,,,,,,,2569744,3199744,3199744,630000,49996,0,0,1787,0.8031092487,,,,f593161df222b06e4a23dd7fc6960dc430dd3c25,21205470111025221,10000,8,,,,,,,,,,,,,0,57891192832,72083832832,72083832832,14192640000,0
capacity,cuda_data_path_fixed_16,adversarial,hetero_8_64_without_promotion,,,,,,,,2569744,2639744,2639744,70000,329968,329968,0,2166,0.9734822771,,,,f593161df222b06e4a23dd7fc6960dc430dd3c25,21205470111025221,10000,8,,,,,,,,,,,,,0,57891192832,59468152832,59468152832,1576960000,0
capacity,cuda_data_path_fixed_16,adversarial,hetero_8_64_with_promotion,,,,,,,,2569744,2639744,2640256,70000,49996,10000,39996,2166,0.9734822771,,,,f593161df222b06e4a23dd7fc6960dc430dd3c25,21205470111025221,10000,8,,,,,,,,,,,,,0,57891192832,59468152832,59479687168,1576960000,0
summary,cuda_data_path_fixed_16,adversarial,,append,,,,,,,,,,,,,,,,176544,313440,358400,f593161df222b06e4a23dd7fc6960dc430dd3c25,21205470111025221,10000,8,467.4513071,183414,120119296,32.74532861,0,68704,358400,21205470111025221,10000,1,513,256.9744,,,,,,
summary,cuda_data_path_fixed_16,adversarial,,gather,,,,,,,,,,,,,,,,176864,450400,463872,f593161df222b06e4a23dd7fc6960dc430dd3c25,21205470111025221,10000,8,467.4513071,224454,120119296,26.75806222,0,66560,463872,21205470111025221,10000,1,513,256.9744,,,,,,
summary,cuda_data_path_fixed_16,adversarial,,reference_attention,,,,,,,,,,,,,,,,822272,1464320,1538048,f593161df222b06e4a23dd7fc6960dc430dd3c25,21205470111025221,10000,8,467.4513071,788222,121020416,7.676793758,0,159744,1538048,21205470111025221,10000,1,513,256.9744,,,,,,
capacity,cuda_data_path_fixed_16,fork_cow,contiguous_max,,,,,,,,185654,5440000,5440000,5254346,10000,0,0,1051,0.03412757353,,,,f593161df222b06e4a23dd7fc6960dc430dd3c25,21205470111025221,10000,8,,,,,,,,,,,,,137965,4182413312,122552320000,122552320000,118369906688,3108075520
capacity,cuda_data_path_fixed_16,fork_cow,fixed_8,,,,,,,,185654,223680,223680,38026,27960,0,0,10000,0.8299982117,,,,f593161df222b06e4a23dd7fc6960dc430dd3c25,21205470111025221,10000,8,,,,,,,,,,,,,137965,4182413312,5039063040,5039063040,856649728,3108075520
capacity,cuda_data_path_fixed_16,fork_cow,fixed_16,,,,,,,,185654,255712,255712,70058,15982,0,0,10000,0.7260277187,,,,f593161df222b06e4a23dd7fc6960dc430dd3c25,21205470111025221,10000,8,,,,,,,,,,,,,137965,4182413312,5760679936,5760679936,1578266624,3108075520
capacity,cuda_data_path_fixed_16,fork_cow,fixed_32,,,,,,,,185654,383808,383808,198154,11994,0,0,10000,0.4837158162,,,,f593161df222b06e4a23dd7fc6960dc430dd3c25,21205470111025221,10000,8,,,,,,,,,,,,,137965,4182413312,8646426624,8646426624,4464013312,3108075520
capacity,cuda_data_path_fixed_16,fork_cow,fixed_64,,,,,,,,185654,640000,640000,454346,10000,0,0,8936,0.290084375,,,,f593161df222b06e4a23dd7fc6960dc430dd3c25,21205470111025221,10000,8,,,,,,,,,,,,,137965,4182413312,14417920000,14417920000,10235506688,3108075520
capacity,cuda_data_path_fixed_16,fork_cow,hetero_8_64_without_promotion,,,,,,,,185654,223680,223680,38026,27960,27960,0,10000,0.8299982117,,,,f593161df222b06e4a23dd7fc6960dc430dd3c25,21205470111025221,10000,8,,,,,,,,,,,,,137965,4182413312,5039063040,5039063040,856649728,3108075520
capacity,cuda_data_path_fixed_16,fork_cow,hetero_8_64_with_promotion,,,,,,,,185654,223680,224192,38026,14002,12008,1994,10000,0.8299982117,,,,f593161df222b06e4a23dd7fc6960dc430dd3c25,21205470111025221,10000,8,,,,,,,,,,,,,137965,4182413312,5039063040,5050597376,856649728,3108075520
summary,cuda_data_path_fixed_16,fork_cow,,append,,,,,,,,,,,,,,,,39936,67584,98784,f593161df222b06e4a23dd7fc6960dc430dd3c25,21205470111025221,10000,8,2565.956632,48338,7929856,8.202575221,0,39360,98784,21205470111025221,10000,2,64,18.5654,,,,,,
summary,cuda_data_path_fixed_16,fork_cow,,cow_append,,,,,,,,,,,,,,,,39936,64512,84992,f593161df222b06e4a23dd7fc6960dc430dd3c25,21205470111025221,10000,8,2565.956632,44173,450560,0.5099971023,0,39040,84992,21205470111025221,10000,2,64,18.5654,,,,,,
summary,cuda_data_path_fixed_16,fork_cow,,gather,,,,,,,,,,,,,,,,40032,66528,73056,f593161df222b06e4a23dd7fc6960dc430dd3c25,21205470111025221,10000,8,2565.956632,46779,8380416,8.957416972,0,39264,73056,21205470111025221,10000,2,64,18.5654,,,,,,
capacity,cuda_data_path_fixed_16,long,contiguous_max,,,,,,,,4962308,5440000,5440000,477692,10000,0,0,1051,0.9121889706,,,,f593161df222b06e4a23dd7fc6960dc430dd3c25,21205470111025221,10000,8,,,,,,,,,,,,,0,111790874624,122552320000,122552320000,10761445376,0
capacity,cuda_data_path_fixed_16,long,fixed_8,,,,,,,,4962308,4997024,4997024,34716,624628,0,0,1144,0.9930526649,,,,f593161df222b06e4a23dd7fc6960dc430dd3c25,21205470111025221,10000,8,,,,,,,,,,,,,0,111790874624,112572956672,112572956672,782082048,0
capacity,cuda_data_path_fixed_16,long,fixed_16,,,,,,,,4962308,5036944,5036944,74636,314809,0,0,1135,0.9851822851,,,,f593161df222b06e4a23dd7fc6960dc430dd3c25,21205470111025221,10000,8,,,,,,,,,,,,,0,111790874624,113472274432,113472274432,1681399808,0
capacity,cuda_data_path_fixed_16,long,fixed_32,,,,,,,,4962308,5115776,5115776,153468,159868,0,0,1118,0.9700010321,,,,f593161df222b06e4a23dd7fc6960dc430dd3c25,21205470111025221,10000,8,,,,,,,,,,,,,0,111790874624,115248201728,115248201728,3457327104,0
capacity,cuda_data_path_fixed_16,long,fixed_64,,,,,,,,4962308,5322816,5322816,360508,83169,0,0,1074,0.9322711888,,,,f593161df222b06e4a23dd7fc6960dc430dd3c25,21205470111025221,10000,8,,,,,,,,,,,,,0,111790874624,119912398848,119912398848,8121524224,0
capacity,cuda_data_path_fixed_16,long,hetero_8_64_without_promotion,,,,,,,,4962308,4997024,4997024,34716,624628,624628,0,1144,0.9930526649,,,,f593161df222b06e4a23dd7fc6960dc430dd3c25,21205470111025221,10000,8,,,,,,,,,,,,,0,111790874624,112572956672,112572956672,782082048,0
capacity,cuda_data_path_fixed_16,long,hetero_8_64_with_promotion,,,,,,,,4962308,4997024,4997536,34716,111017,37644,73373,1144,0.9930526649,,,,f593161df222b06e4a23dd7fc6960dc430dd3c25,21205470111025221,10000,8,,,,,,,,,,,,,0,111790874624,112572956672,112584491008,782082048,0
summary,cuda_data_path_fixed_16,long,,append,,,,,,,,,,,,,,,,311136,324736,326656,f593161df222b06e4a23dd7fc6960dc430dd3c25,21205470111025221,10000,8,273.5859695,308626,230686720,37.37323151,0,278464,326656,21205470111025221,10000,448,544,496.2308,,,,,,
summary,cuda_data_path_fixed_16,long,,gather,,,,,,,,,,,,,,,,448704,470016,473760,f593161df222b06e4a23dd7fc6960dc430dd3c25,21205470111025221,10000,8,273.5859695,445048,230686720,25.91706063,0,413568,473760,21205470111025221,10000,448,544,496.2308,,,,,,
summary,cuda_data_path_fixed_16,long,,reference_attention,,,,,,,,,,,,,,,,1457152,1517856,1693632,f593161df222b06e4a23dd7fc6960dc430dd3c25,21205470111025221,10000,8,273.5859695,1461320,231587840,7.923926313,0,1392640,1693632,21205470111025221,10000,448,544,496.2308,,,,,,
capacity,cuda_data_path_fixed_16,mixed,contiguous_max,,,,,,,,1412999,5440000,5440000,4027001,10000,0,0,1051,0.2597424632,,,,f593161df222b06e4a23dd7fc6960dc430dd3c25,21205470111025221,10000,8,,,,,,,,,,,,,0,31832041472,122552320000,122552320000,90720278528,0
capacity,cuda_data_path_fixed_16,mixed,fixed_8,,,,,,,,1412999,1448064,1448064,35065,181008,0,0,3949,0.9757849101,,,,f593161df222b06e4a23dd7fc6960dc430dd3c25,21205470111025221,10000,8,,,,,,,,,,,,,0,31832041472,32621985792,32621985792,789944320,0
capacity,cuda_data_path_fixed_16,mixed,fixed_16,,,,,,,,1412999,1488320,1488320,75321,93020,0,0,3842,0.9493919318,,,,f593161df222b06e4a23dd7fc6960dc430dd3c25,21205470111025221,10000,8,,,,,,,,,,,,,0,31832041472,33528872960,33528872960,1696831488,0
capacity,cuda_data_path_fixed_16,mixed,fixed_32,,,,,,,,1412999,1568672,1568672,155673,49021,0,0,3646,0.9007612809,,,,f593161df222b06e4a23dd7fc6960dc430dd3c25,21205470111025221,10000,8,,,,,,,,,,,,,0,31832041472,35339042816,35339042816,3507001344,0
capacity,cuda_data_path_fixed_16,mixed,fixed_64,,,,,,,,1412999,1730048,1730048,317049,27032,0,0,3305,0.8167397668,,,,f593161df222b06e4a23dd7fc6960dc430dd3c25,21205470111025221,10000,8,,,,,,,,,,,,,0,31832041472,38974521344,38974521344,7142479872,0
capacity,cuda_data_path_fixed_16,mixed,hetero_8_64_without_promotion,,,,,,,,1412999,1448064,1448064,35065,181008,181008,0,3949,0.9757849101,,,,f593161df222b06e4a23dd7fc6960dc430dd3c25,21205470111025221,10000,8,,,,,,,,,,,,,0,31832041472,32621985792,32621985792,789944320,0
capacity,cuda_data_path_fixed_16,mixed,hetero_8_64_with_promotion,,,,,,,,1412999,1448064,1448576,35065,60790,43616,17174,3949,0.9757849101,,,,f593161df222b06e4a23dd7fc6960dc430dd3c25,21205470111025221,10000,8,,,,,,,,,,,,,0,31832041472,32621985792,32633520128,789944320,0
summary,cuda_data_path_fixed_16,mixed,,append,,,,,,,,,,,,,,,,176128,367456,375072,f593161df222b06e4a23dd7fc6960dc430dd3c25,21205470111025221,10000,8,411.244908,207627,123994112,29.85979486,0,86720,375072,21205470111025221,10000,1,544,141.2999,,,,,,
summary,cuda_data_path_fixed_16,mixed,,gather,,,,,,,,,,,,,,,,199840,526336,558784,f593161df222b06e4a23dd7fc6960dc430dd3c25,21205470111025221,10000,8,411.244908,258734,123994112,23.96165952,0,92064,558784,21205470111025221,10000,1,544,141.2999,,,,,,
summary,cuda_data_path_fixed_16,mixed,,reference_attention,,,,,,,,,,,,,,,,845248,1600352,1622784,f593161df222b06e4a23dd7fc6960dc430dd3c25,21205470111025221,10000,8,411.244908,860730,124895232,7.255195592,0,175104,1622784,21205470111025221,10000,1,544,141.2999,,,,,,
capacity,cuda_data_path_fixed_16,shared_prompt,contiguous_max,,,,,,,,2240039,5440000,5440000,3199961,10000,0,0,1051,0.411771875,,,,f593161df222b06e4a23dd7fc6960dc430dd3c25,21205470111025221,10000,8,,,,,,,,,,,,,1599552,50463598592,122552320000,122552320000,72088721408,36034707456
capacity,cuda_data_path_fixed_16,shared_prompt,fixed_8,,,,,,,,2240039,2275624,2275624,35585,284453,0,0,2513,0.9843625309,,,,f593161df222b06e4a23dd7fc6960dc430dd3c25,21205470111025221,10000,8,,,,,,,,,,,,,1599552,50463598592,51265257472,51265257472,801658880,36034707456
capacity,cuda_data_path_fixed_16,shared_prompt,fixed_16,,,,,,,,2240039,2316368,2316368,76329,144773,0,0,2469,0.967047982,,,,f593161df222b06e4a23dd7fc6960dc430dd3c25,21205470111025221,10000,8,,,,,,,,,,,,,1599552,50463598592,52183138304,52183138304,1719539712,36034707456
capacity,cuda_data_path_fixed_16,shared_prompt,fixed_32,,,,,,,,2240039,2397856,2397856,157817,74933,0,0,2385,0.9341841211,,,,f593161df222b06e4a23dd7fc6960dc430dd3c25,21205470111025221,10000,8,,,,,,,,,,,,,1599552,50463598592,54018899968,54018899968,3555301376,36034707456
capacity,cuda_data_path_fixed_16,shared_prompt,fixed_64,,,,,,,,2240039,2559616,2559616,319577,39994,0,0,2234,0.8751465064,,,,f593161df222b06e4a23dd7fc6960dc430dd3c25,21205470111025221,10000,8,,,,,,,,,,,,,1599552,50463598592,57663029248,57663029248,7199430656,36034707456
capacity,cuda_data_path_fixed_16,shared_prompt,hetero_8_64_without_promotion,,,,,,,,2240039,2275624,2275624,35585,284453,284453,0,2513,0.9843625309,,,,f593161df222b06e4a23dd7fc6960dc430dd3c25,21205470111025221,10000,8,,,,,,,,,,,,,1599552,50463598592,51265257472,51265257472,801658880,36034707456
capacity,cuda_data_path_fixed_16,shared_prompt,hetero_8_64_with_promotion,,,,,,,,2240039,2275624,2276136,35585,74495,44501,29994,2513,0.9843625309,,,,f593161df222b06e4a23dd7fc6960dc430dd3c25,21205470111025221,10000,8,,,,,,,,,,,,,1599552,50463598592,51265257472,51276791808,801658880,36034707456
summary,cuda_data_path_fixed_16,shared_prompt,,append,,,,,,,,,,,,,,,,39840,150944,151552,f593161df222b06e4a23dd7fc6960dc430dd3c25,21205470111025221,10000,8,2728.519578,53895,66908160,11.2859487,0,37888,151552,21205470111025221,10000,65,319,224.0039,,,,,,
summary,cuda_data_path_fixed_16,shared_prompt,,gather,,,,,,,,,,,,,,,,174304,202752,306304,f593161df222b06e4a23dd7fc6960dc430dd3c25,21205470111025221,10000,8,2728.519578,139484,379777024,30.25243946,0,65728,306304,21205470111025221,10000,65,319,224.0039,,,,,,
capacity,cuda_data_path_fixed_16,short,contiguous_max,,,,,,,,322540,5440000,5440000,5117460,10000,0,0,1051,0.05929044118,,,,f593161df222b06e4a23dd7fc6960dc430dd3c25,21205470111025221,10000,8,,,,,,,,,,,,,0,7266181120,122552320000,122552320000,115286138880,0
capacity,cuda_data_path_fixed_16,short,fixed_8,,,,,,,,322540,358448,358448,35908,44806,0,0,10000,0.8998236843,,,,f593161df222b06e4a23dd7fc6960dc430dd3c25,21205470111025221,10000,8,,,,,,,,,,,,,0,7266181120,8075116544,8075116544,808935424,0
capacity,cuda_data_path_fixed_16,short,fixed_16,,,,,,,,322540,398352,398352,75812,24897,0,0,10000,0.8096859059,,,,f593161df222b06e4a23dd7fc6960dc430dd3c25,21205470111025221,10000,8,,,,,,,,,,,,,0,7266181120,8974073856,8974073856,1707892736,0
capacity,cuda_data_path_fixed_16,short,fixed_32,,,,,,,,322540,479392,479392,156852,14981,0,0,10000,0.67281056,,,,f593161df222b06e4a23dd7fc6960dc430dd3c25,21205470111025221,10000,8,,,,,,,,,,,,,0,7266181120,10799742976,10799742976,3533561856,0
capacity,cuda_data_path_fixed_16,short,fixed_64,,,,,,,,322540,640000,640000,317460,10000,0,0,8936,0.50396875,,,,f593161df222b06e4a23dd7fc6960dc430dd3c25,21205470111025221,10000,8,,,,,,,,,,,,,0,7266181120,14417920000,14417920000,7151738880,0
capacity,cuda_data_path_fixed_16,short,hetero_8_64_without_promotion,,,,,,,,322540,358448,358448,35908,44806,44806,0,10000,0.8998236843,,,,f593161df222b06e4a23dd7fc6960dc430dd3c25,21205470111025221,10000,8,,,,,,,,,,,,,0,7266181120,8075116544,8075116544,808935424,0
capacity,cuda_data_path_fixed_16,short,hetero_8_64_with_promotion,,,,,,,,322540,358448,358448,35908,44806,44806,0,10000,0.8998236843,,,,f593161df222b06e4a23dd7fc6960dc430dd3c25,21205470111025221,10000,8,,,,,,,,,,,,,0,7266181120,8075116544,8075116544,808935424,0
summary,cuda_data_path_fixed_16,short,,append,,,,,,,,,,,,,,,,62336,72704,111616,f593161df222b06e4a23dd7fc6960dc430dd3c25,21205470111025221,10000,8,1555.918949,65549,14417920,10.99785198,0,61440,111616,21205470111025221,10000,1,63,32.254,,,,,,
summary,cuda_data_path_fixed_16,short,,gather,,,,,,,,,,,,,,,,65120,76160,79872,f593161df222b06e4a23dd7fc6960dc430dd3c25,21205470111025221,10000,8,1555.918949,66438,14417920,10.85059243,0,64512,79872,21205470111025221,10000,1,63,32.254,,,,,,
summary,cuda_data_path_fixed_16,short,,reference_attention,,,,,,,,,,,,,,,,123328,124672,124928,f593161df222b06e4a23dd7fc6960dc430dd3c25,21205470111025221,10000,8,1555.918949,123478,15319040,6.203125405,0,122560,124928,21205470111025221,10000,1,63,32.254,,,,,,
capacity,cuda_data_path_fixed_32,adversarial,contiguous_max,,,,,,,,2569744,5440000,5440000,2870256,10000,0,0,1051,0.4723794118,,,,f593161df222b06e4a23dd7fc6960dc430dd3c25,21205470111025221,10000,8,,,,,,,,,,,,,0,57891192832,122552320000,122552320000,64661127168,0
capacity,cuda_data_path_fixed_32,adversarial,fixed_8,,,,,,,,2569744,2639744,2639744,70000,329968,0,0,2166,0.9734822771,,,,f593161df222b06e4a23dd7fc6960dc430dd3c25,21205470111025221,10000,8,,,,,,,,,,,,,0,57891192832,59468152832,59468152832,1576960000,0
capacity,cuda_data_path_fixed_32,adversarial,fixed_16,,,,,,,,2569744,2719744,2719744,150000,169984,0,0,2102,0.9448477504,,,,f593161df222b06e4a23dd7fc6960dc430dd3c25,21205470111025221,10000,8,,,,,,,,,,,,,0,57891192832,61270392832,61270392832,3379200000,0
capacity,cuda_data_path_fixed_32,adversarial,fixed_32,,,,,,,,2569744,2879744,2879744,310000,89992,0,0,1986,0.8923515424,,,,f593161df222b06e4a23dd7fc6960dc430dd3c25,21205470111025221,10000,8,,,,,,,,,,,,,0,57891192832,64874872832,64874872832,6983680000,0
capacity,cuda_data_path_fixed_32,adversarial,fixed_64,,,,,,,,2569744,3199744,3199744,630000,49996,0,0,1787,0.8031092487,,,,f593161df222b06e4a23dd7fc6960dc430dd3c25,21205470111025221,10000,8,,,,,,,,,,,,,0,57891192832,72083832832,72083832832,14192640000,0
capacity,cuda_data_path_fixed_32,adversarial,hetero_8_64_without_promotion,,,,,,,,2569744,2639744,2639744,70000,329968,329968,0,2166,0.9734822771,,,,f593161df222b06e4a23dd7fc6960dc430dd3c25,21205470111025221,10000,8,,,,,,,,,,,,,0,57891192832,59468152832,59468152832,1576960000,0
capacity,cuda_data_path_fixed_32,adversarial,hetero_8_64_with_promotion,,,,,,,,2569744,2639744,2640256,70000,49996,10000,39996,2166,0.9734822771,,,,f593161df222b06e4a23dd7fc6960dc430dd3c25,21205470111025221,10000,8,,,,,,,,,,,,,0,57891192832,59468152832,59479687168,1576960000,0
summary,cuda_data_path_fixed_32,adversarial,,append,,,,,,,,,,,,,,,,134496,230656,256000,f593161df222b06e4a23dd7fc6960dc430dd3c25,21205470111025221,10000,8,521.8596846,147067,120119296,40.83823449,0,64992,256000,21205470111025221,10000,1,513,256.9744,,,,,,
summary,cuda_data_path_fixed_32,adversarial,,gather,,,,,,,,,,,,,,,,154016,341664,349088,f593161df222b06e4a23dd7fc6960dc430dd3c25,21205470111025221,10000,8,521.8596846,180685,120119296,33.24001133,0,63488,349088,21205470111025221,10000,1,513,256.9744,,,,,,
summary,cuda_data_path_fixed_32,adversarial,,reference_attention,,,,,,,,,,,,,,,,728064,1399808,1931264,f593161df222b06e4a23dd7fc6960dc430dd3c25,21205470111025221,10000,8,521.8596846,739304,121020416,8.184753227,0,156864,1931264,21205470111025221,10000,1,513,256.9744,,,,,,
capacity,cuda_data_path_fixed_32,fork_cow,contiguous_max,,,,,,,,185654,5440000,5440000,5254346,10000,0,0,1051,0.03412757353,,,,f593161df222b06e4a23dd7fc6960dc430dd3c25,21205470111025221,10000,8,,,,,,,,,,,,,137965,4182413312,122552320000,122552320000,118369906688,3108075520
capacity,cuda_data_path_fixed_32,fork_cow,fixed_8,,,,,,,,185654,223680,223680,38026,27960,0,0,10000,0.8299982117,,,,f593161df222b06e4a23dd7fc6960dc430dd3c25,21205470111025221,10000,8,,,,,,,,,,,,,137965,4182413312,5039063040,5039063040,856649728,3108075520
capacity,cuda_data_path_fixed_32,fork_cow,fixed_16,,,,,,,,185654,255712,255712,70058,15982,0,0,10000,0.7260277187,,,,f593161df222b06e4a23dd7fc6960dc430dd3c25,21205470111025221,10000,8,,,,,,,,,,,,,137965,4182413312,5760679936,5760679936,1578266624,3108075520
capacity,cuda_data_path_fixed_32,fork_cow,fixed_32,,,,,,,,185654,383808,383808,198154,11994,0,0,10000,0.4837158162,,,,f593161df222b06e4a23dd7fc6960dc430dd3c25,21205470111025221,10000,8,,,,,,,,,,,,,137965,4182413312,8646426624,8646426624,4464013312,3108075520
capacity,cuda_data_path_fixed_32,fork_cow,fixed_64,,,,,,,,185654,640000,640000,454346,10000,0,0,8936,0.290084375,,,,f593161df222b06e4a23dd7fc6960dc430dd3c25,21205470111025221,10000,8,,,,,,,,,,,,,137965,4182413312,14417920000,14417920000,10235506688,3108075520
capacity,cuda_data_path_fixed_32,fork_cow,hetero_8_64_without_promotion,,,,,,,,185654,223680,223680,38026,27960,27960,0,10000,0.8299982117,,,,f593161df222b06e4a23dd7fc6960dc430dd3c25,21205470111025221,10000,8,,,,,,,,,,,,,137965,4182413312,5039063040,5039063040,856649728,3108075520
capacity,cuda_data_path_fixed_32,fork_cow,hetero_8_64_with_promotion,,,,,,,,185654,223680,224192,38026,14002,12008,1994,10000,0.8299982117,,,,f593161df222b06e4a23dd7fc6960dc430dd3c25,21205470111025221,10000,8,,,,,,,,,,,,,137965,4182413312,5039063040,5050597376,856649728,3108075520
summary,cuda_data_path_fixed_32,fork_cow,,append,,,,,,,,,,,,,,,,62304,92160,114720,f593161df222b06e4a23dd7fc6960dc430dd3c25,21205470111025221,10000,8,1732.453709,70541,7929856,5.620758483,0,61056,114720,21205470111025221,10000,2,64,18.5654,,,,,,
summary,cuda_data_path_fixed_32,fork_cow,,cow_append,,,,,,,,,,,,,,,,62368,94208,97280,f593161df222b06e4a23dd7fc6960dc430dd3c25,21205470111025221,10000,8,1732.453709,68026,450560,0.3311694421,0,58432,97280,21205470111025221,10000,2,64,18.5654,,,,,,
summary,cuda_data_path_fixed_32,fork_cow,,gather,,,,,,,,,,,,,,,,64576,107552,156672,f593161df222b06e4a23dd7fc6960dc430dd3c25,21205470111025221,10000,8,1732.453709,77875,8380416,5.380670611,0,63488,156672,21205470111025221,10000,2,64,18.5654,,,,,,
capacity,cuda_data_path_fixed_32,long,contiguous_max,,,,,,,,4962308,5440000,5440000,477692,10000,0,0,1051,0.9121889706,,,,f593161df222b06e4a23dd7fc6960dc430dd3c25,21205470111025221,10000,8,,,,,,,,,,,,,0,111790874624,122552320000,122552320000,10761445376,0
capacity,cuda_data_path_fixed_32,long,fixed_8,,,,,,,,4962308,4997024,4997024,34716,624628,0,0,1144,0.9930526649,,,,f593161df222b06e4a23dd7fc6960dc430dd3c25,21205470111025221,10000,8,,,,,,,,,,,,,0,111790874624,112572956672,112572956672,782082048,0
capacity,cuda_data_path_fixed_32,long,fixed_16,,,,,,,,4962308,5036944,5036944,74636,314809,0,0,1135,0.9851822851,,,,f593161df222b06e4a23dd7fc6960dc430dd3c25,21205470111025221,10000,8,,,,,,,,,,,,,0,111790874624,113472274432,113472274432,1681399808,0
capacity,cuda_data_path_fixed_32,long,fixed_32,,,,,,,,4962308,5115776,5115776,153468,159868,0,0,1118,0.9700010321,,,,f593161df222b06e4a23dd7fc6960dc430dd3c25,21205470111025221,10000,8,,,,,,,,,,,,,0,111790874624,115248201728,115248201728,3457327104,0
capacity,cuda_data_path_fixed_32,long,fixed_64,,,,,,,,4962308,5322816,5322816,360508,83169,0,0,1074,0.9322711888,,,,f593161df222b06e4a23dd7fc6960dc430dd3c25,21205470111025221,10000,8,,,,,,,,,,,,,0,111790874624,119912398848,119912398848,8121524224,0
capacity,cuda_data_path_fixed_32,long,hetero_8_64_without_promotion,,,,,,,,4962308,4997024,4997024,34716,624628,624628,0,1144,0.9930526649,,,,f593161df222b06e4a23dd7fc6960dc430dd3c25,21205470111025221,10000,8,,,,,,,,,,,,,0,111790874624,112572956672,112572956672,782082048,0
capacity,cuda_data_path_fixed_32,long,hetero_8_64_with_promotion,,,,,,,,4962308,4997024,4997536,34716,111017,37644,73373,1144,0.9930526649,,,,f593161df222b06e4a23dd7fc6960dc430dd3c25,21205470111025221,10000,8,,,,,,,,,,,,,0,111790874624,112572956672,112584491008,782082048,0
summary,cuda_data_path_fixed_32,long,,append,,,,,,,,,,,,,,,,257024,270336,276416,f593161df222b06e4a23dd7fc6960dc430dd3c25,21205470111025221,10000,8,299.2347953,256387,230686720,44.98795572,0,228352,276416,21205470111025221,10000,448,544,496.2308,,,,,,
summary,cuda_data_path_fixed_32,long,,gather,,,,,,,,,,,,,,,,329728,342432,344064,f593161df222b06e4a23dd7fc6960dc430dd3c25,21205470111025221,10000,8,299.2347953,330629,230686720,34.88605953,0,303456,344064,21205470111025221,10000,448,544,496.2308,,,,,,
summary,cuda_data_path_fixed_32,long,,reference_attention,,,,,,,,,,,,,,,,1336320,1375808,1835232,f593161df222b06e4a23dd7fc6960dc430dd3c25,21205470111025221,10000,8,299.2347953,1352189,231587840,8.563443211,0,1282048,1835232,21205470111025221,10000,448,544,496.2308,,,,,,
capacity,cuda_data_path_fixed_32,mixed,contiguous_max,,,,,,,,1412999,5440000,5440000,4027001,10000,0,0,1051,0.2597424632,,,,f593161df222b06e4a23dd7fc6960dc430dd3c25,21205470111025221,10000,8,,,,,,,,,,,,,0,31832041472,122552320000,122552320000,90720278528,0
capacity,cuda_data_path_fixed_32,mixed,fixed_8,,,,,,,,1412999,1448064,1448064,35065,181008,0,0,3949,0.9757849101,,,,f593161df222b06e4a23dd7fc6960dc430dd3c25,21205470111025221,10000,8,,,,,,,,,,,,,0,31832041472,32621985792,32621985792,789944320,0
capacity,cuda_data_path_fixed_32,mixed,fixed_16,,,,,,,,1412999,1488320,1488320,75321,93020,0,0,3842,0.9493919318,,,,f593161df222b06e4a23dd7fc6960dc430dd3c25,21205470111025221,10000,8,,,,,,,,,,,,,0,31832041472,33528872960,33528872960,1696831488,0
capacity,cuda_data_path_fixed_32,mixed,fixed_32,,,,,,,,1412999,1568672,1568672,155673,49021,0,0,3646,0.9007612809,,,,f593161df222b06e4a23dd7fc6960dc430dd3c25,21205470111025221,10000,8,,,,,,,,,,,,,0,31832041472,35339042816,35339042816,3507001344,0
capacity,cuda_data_path_fixed_32,mixed,fixed_64,,,,,,,,1412999,1730048,1730048,317049,27032,0,0,3305,0.8167397668,,,,f593161df222b06e4a23dd7fc6960dc430dd3c25,21205470111025221,10000,8,,,,,,,,,,,,,0,31832041472,38974521344,38974521344,7142479872,0
capacity,cuda_data_path_fixed_32,mixed,hetero_8_64_without_promotion,,,,,,,,1412999,1448064,1448064,35065,181008,181008,0,3949,0.9757849101,,,,f593161df222b06e4a23dd7fc6960dc430dd3c25,21205470111025221,10000,8,,,,,,,,,,,,,0,31832041472,32621985792,32621985792,789944320,0
capacity,cuda_data_path_fixed_32,mixed,hetero_8_64_with_promotion,,,,,,,,1412999,1448064,1448576,35065,60790,43616,17174,3949,0.9757849101,,,,f593161df222b06e4a23dd7fc6960dc430dd3c25,21205470111025221,10000,8,,,,,,,,,,,,,0,31832041472,32621985792,32633520128,789944320,0
summary,cuda_data_path_fixed_32,mixed,,append,,,,,,,,,,,,,,,,158880,279552,291584,f593161df222b06e4a23dd7fc6960dc430dd3c25,21205470111025221,10000,8,466.3859443,179373,123994112,34.56324259,0,76800,291584,21205470111025221,10000,1,544,141.2999,,,,,,
summary,cuda_data_path_fixed_32,mixed,,gather,,,,,,,,,,,,,,,,172832,373824,377984,f593161df222b06e4a23dd7fc6960dc430dd3c25,21205470111025221,10000,8,466.3859443,204147,123994112,30.36880055,0,68832,377984,21205470111025221,10000,1,544,141.2999,,,,,,
summary,cuda_data_path_fixed_32,mixed,,reference_attention,,,,,,,,,,,,,,,,785568,1469440,1475520,f593161df222b06e4a23dd7fc6960dc430dd3c25,21205470111025221,10000,8,466.3859443,778110,124895232,8.025547017,0,155872,1475520,21205470111025221,10000,1,544,141.2999,,,,,,
capacity,cuda_data_path_fixed_32,shared_prompt,contiguous_max,,,,,,,,2240039,5440000,5440000,3199961,10000,0,0,1051,0.411771875,,,,f593161df222b06e4a23dd7fc6960dc430dd3c25,21205470111025221,10000,8,,,,,,,,,,,,,1599552,50463598592,122552320000,122552320000,72088721408,36034707456
capacity,cuda_data_path_fixed_32,shared_prompt,fixed_8,,,,,,,,2240039,2275624,2275624,35585,284453,0,0,2513,0.9843625309,,,,f593161df222b06e4a23dd7fc6960dc430dd3c25,21205470111025221,10000,8,,,,,,,,,,,,,1599552,50463598592,51265257472,51265257472,801658880,36034707456
capacity,cuda_data_path_fixed_32,shared_prompt,fixed_16,,,,,,,,2240039,2316368,2316368,76329,144773,0,0,2469,0.967047982,,,,f593161df222b06e4a23dd7fc6960dc430dd3c25,21205470111025221,10000,8,,,,,,,,,,,,,1599552,50463598592,52183138304,52183138304,1719539712,36034707456
capacity,cuda_data_path_fixed_32,shared_prompt,fixed_32,,,,,,,,2240039,2397856,2397856,157817,74933,0,0,2385,0.9341841211,,,,f593161df222b06e4a23dd7fc6960dc430dd3c25,21205470111025221,10000,8,,,,,,,,,,,,,1599552,50463598592,54018899968,54018899968,3555301376,36034707456
capacity,cuda_data_path_fixed_32,shared_prompt,fixed_64,,,,,,,,2240039,2559616,2559616,319577,39994,0,0,2234,0.8751465064,,,,f593161df222b06e4a23dd7fc6960dc430dd3c25,21205470111025221,10000,8,,,,,,,,,,,,,1599552,50463598592,57663029248,57663029248,7199430656,36034707456
capacity,cuda_data_path_fixed_32,shared_prompt,hetero_8_64_without_promotion,,,,,,,,2240039,2275624,2275624,35585,284453,284453,0,2513,0.9843625309,,,,f593161df222b06e4a23dd7fc6960dc430dd3c25,21205470111025221,10000,8,,,,,,,,,,,,,1599552,50463598592,51265257472,51265257472,801658880,36034707456
capacity,cuda_data_path_fixed_32,shared_prompt,hetero_8_64_with_promotion,,,,,,,,2240039,2275624,2276136,35585,74495,44501,29994,2513,0.9843625309,,,,f593161df222b06e4a23dd7fc6960dc430dd3c25,21205470111025221,10000,8,,,,,,,,,,,,,1599552,50463598592,51265257472,51276791808,801658880,36034707456
summary,cuda_data_path_fixed_32,shared_prompt,,append,,,,,,,,,,,,,,,,40032,137216,176192,f593161df222b06e4a23dd7fc6960dc430dd3c25,21205470111025221,10000,8,2866.03384,56471,66908160,10.77106944,0,37888,263168,21205470111025221,10000,65,319,224.0039,,,,,,
summary,cuda_data_path_fixed_32,shared_prompt,,gather,,,,,,,,,,,,,,,,147872,162816,225280,f593161df222b06e4a23dd7fc6960dc430dd3c25,21205470111025221,10000,8,2866.03384,123945,379777024,34.04533054,0,63488,225280,21205470111025221,10000,65,319,224.0039,,,,,,
capacity,cuda_data_path_fixed_32,short,contiguous_max,,,,,,,,322540,5440000,5440000,5117460,10000,0,0,1051,0.05929044118,,,,f593161df222b06e4a23dd7fc6960dc430dd3c25,21205470111025221,10000,8,,,,,,,,,,,,,0,7266181120,122552320000,122552320000,115286138880,0
capacity,cuda_data_path_fixed_32,short,fixed_8,,,,,,,,322540,358448,358448,35908,44806,0,0,10000,0.8998236843,,,,f593161df222b06e4a23dd7fc6960dc430dd3c25,21205470111025221,10000,8,,,,,,,,,,,,,0,7266181120,8075116544,8075116544,808935424,0
capacity,cuda_data_path_fixed_32,short,fixed_16,,,,,,,,322540,398352,398352,75812,24897,0,0,10000,0.8096859059,,,,f593161df222b06e4a23dd7fc6960dc430dd3c25,21205470111025221,10000,8,,,,,,,,,,,,,0,7266181120,8974073856,8974073856,1707892736,0
capacity,cuda_data_path_fixed_32,short,fixed_32,,,,,,,,322540,479392,479392,156852,14981,0,0,10000,0.67281056,,,,f593161df222b06e4a23dd7fc6960dc430dd3c25,21205470111025221,10000,8,,,,,,,,,,,,,0,7266181120,10799742976,10799742976,3533561856,0
capacity,cuda_data_path_fixed_32,short,fixed_64,,,,,,,,322540,640000,640000,317460,10000,0,0,8936,0.50396875,,,,f593161df222b06e4a23dd7fc6960dc430dd3c25,21205470111025221,10000,8,,,,,,,,,,,,,0,7266181120,14417920000,14417920000,7151738880,0
capacity,cuda_data_path_fixed_32,short,hetero_8_64_without_promotion,,,,,,,,322540,358448,358448,35908,44806,44806,0,10000,0.8998236843,,,,f593161df222b06e4a23dd7fc6960dc430dd3c25,21205470111025221,10000,8,,,,,,,,,,,,,0,7266181120,8075116544,8075116544,808935424,0
capacity,cuda_data_path_fixed_32,short,hetero_8_64_with_promotion,,,,,,,,322540,358448,358448,35908,44806,44806,0,10000,0.8998236843,,,,f593161df222b06e4a23dd7fc6960dc430dd3c25,21205470111025221,10000,8,,,,,,,,,,,,,0,7266181120,8075116544,8075116544,808935424,0
summary,cuda_data_path_fixed_32,short,,append,,,,,,,,,,,,,,,,50848,91072,91616,f593161df222b06e4a23dd7fc6960dc430dd3c25,21205470111025221,10000,8,2065.177839,56045,14417920,12.86285258,0,50176,91616,21205470111025221,10000,1,63,32.254,,,,,,
summary,cuda_data_path_fixed_32,short,,gather,,,,,,,,,,,,,,,,52224,70720,89088,f593161df222b06e4a23dd7fc6960dc430dd3c25,21205470111025221,10000,8,2065.177839,56522,14417920,12.75434524,0,47744,89088,21205470111025221,10000,1,63,32.254,,,,,,
summary,cuda_data_path_fixed_32,short,,reference_attention,,,,,,,,,,,,,,,,93184,120224,126208,f593161df222b06e4a23dd7fc6960dc430dd3c25,21205470111025221,10000,8,2065.177839,97136,15319040,7.885356613,0,92160,126208,21205470111025221,10000,1,63,32.254,,,,,,
capacity,cuda_data_path_fixed_64,adversarial,contiguous_max,,,,,,,,2569744,5440000,5440000,2870256,10000,0,0,1051,0.4723794118,,,,f593161df222b06e4a23dd7fc6960dc430dd3c25,21205470111025221,10000,8,,,,,,,,,,,,,0,57891192832,122552320000,122552320000,64661127168,0
capacity,cuda_data_path_fixed_64,adversarial,fixed_8,,,,,,,,2569744,2639744,2639744,70000,329968,0,0,2166,0.9734822771,,,,f593161df222b06e4a23dd7fc6960dc430dd3c25,21205470111025221,10000,8,,,,,,,,,,,,,0,57891192832,59468152832,59468152832,1576960000,0
capacity,cuda_data_path_fixed_64,adversarial,fixed_16,,,,,,,,2569744,2719744,2719744,150000,169984,0,0,2102,0.9448477504,,,,f593161df222b06e4a23dd7fc6960dc430dd3c25,21205470111025221,10000,8,,,,,,,,,,,,,0,57891192832,61270392832,61270392832,3379200000,0
capacity,cuda_data_path_fixed_64,adversarial,fixed_32,,,,,,,,2569744,2879744,2879744,310000,89992,0,0,1986,0.8923515424,,,,f593161df222b06e4a23dd7fc6960dc430dd3c25,21205470111025221,10000,8,,,,,,,,,,,,,0,57891192832,64874872832,64874872832,6983680000,0
capacity,cuda_data_path_fixed_64,adversarial,fixed_64,,,,,,,,2569744,3199744,3199744,630000,49996,0,0,1787,0.8031092487,,,,f593161df222b06e4a23dd7fc6960dc430dd3c25,21205470111025221,10000,8,,,,,,,,,,,,,0,57891192832,72083832832,72083832832,14192640000,0
capacity,cuda_data_path_fixed_64,adversarial,hetero_8_64_without_promotion,,,,,,,,2569744,2639744,2639744,70000,329968,329968,0,2166,0.9734822771,,,,f593161df222b06e4a23dd7fc6960dc430dd3c25,21205470111025221,10000,8,,,,,,,,,,,,,0,57891192832,59468152832,59468152832,1576960000,0
capacity,cuda_data_path_fixed_64,adversarial,hetero_8_64_with_promotion,,,,,,,,2569744,2639744,2640256,70000,49996,10000,39996,2166,0.9734822771,,,,f593161df222b06e4a23dd7fc6960dc430dd3c25,21205470111025221,10000,8,,,,,,,,,,,,,0,57891192832,59468152832,59479687168,1576960000,0
summary,cuda_data_path_fixed_64,adversarial,,append,,,,,,,,,,,,,,,,131872,255968,259136,f593161df222b06e4a23dd7fc6960dc430dd3c25,21205470111025221,10000,8,517.2196383,151902,120119296,39.53831408,0,62752,259136,21205470111025221,10000,1,513,256.9744,,,,,,
summary,cuda_data_path_fixed_64,adversarial,,gather,,,,,,,,,,,,,,,,142144,304896,464416,f593161df222b06e4a23dd7fc6960dc430dd3c25,21205470111025221,10000,8,517.2196383,176826,120119296,33.96547106,0,63840,464416,21205470111025221,10000,1,513,256.9744,,,,,,
summary,cuda_data_path_fixed_64,adversarial,,reference_attention,,,,,,,,,,,,,,,,755680,1353216,1404480,f593161df222b06e4a23dd7fc6960dc430dd3c25,21205470111025221,10000,8,517.2196383,708710,121020416,8.538072533,0,158720,1404480,21205470111025221,10000,1,513,256.9744,,,,,,
capacity,cuda_data_path_fixed_64,fork_cow,contiguous_max,,,,,,,,185654,5440000,5440000,5254346,10000,0,0,1051,0.03412757353,,,,f593161df222b06e4a23dd7fc6960dc430dd3c25,21205470111025221,10000,8,,,,,,,,,,,,,137965,4182413312,122552320000,122552320000,118369906688,3108075520
capacity,cuda_data_path_fixed_64,fork_cow,fixed_8,,,,,,,,185654,223680,223680,38026,27960,0,0,10000,0.8299982117,,,,f593161df222b06e4a23dd7fc6960dc430dd3c25,21205470111025221,10000,8,,,,,,,,,,,,,137965,4182413312,5039063040,5039063040,856649728,3108075520
capacity,cuda_data_path_fixed_64,fork_cow,fixed_16,,,,,,,,185654,255712,255712,70058,15982,0,0,10000,0.7260277187,,,,f593161df222b06e4a23dd7fc6960dc430dd3c25,21205470111025221,10000,8,,,,,,,,,,,,,137965,4182413312,5760679936,5760679936,1578266624,3108075520
capacity,cuda_data_path_fixed_64,fork_cow,fixed_32,,,,,,,,185654,383808,383808,198154,11994,0,0,10000,0.4837158162,,,,f593161df222b06e4a23dd7fc6960dc430dd3c25,21205470111025221,10000,8,,,,,,,,,,,,,137965,4182413312,8646426624,8646426624,4464013312,3108075520
capacity,cuda_data_path_fixed_64,fork_cow,fixed_64,,,,,,,,185654,640000,640000,454346,10000,0,0,8936,0.290084375,,,,f593161df222b06e4a23dd7fc6960dc430dd3c25,21205470111025221,10000,8,,,,,,,,,,,,,137965,4182413312,14417920000,14417920000,10235506688,3108075520
capacity,cuda_data_path_fixed_64,fork_cow,hetero_8_64_without_promotion,,,,,,,,185654,223680,223680,38026,27960,27960,0,10000,0.8299982117,,,,f593161df222b06e4a23dd7fc6960dc430dd3c25,21205470111025221,10000,8,,,,,,,,,,,,,137965,4182413312,5039063040,5039063040,856649728,3108075520
capacity,cuda_data_path_fixed_64,fork_cow,hetero_8_64_with_promotion,,,,,,,,185654,223680,224192,38026,14002,12008,1994,10000,0.8299982117,,,,f593161df222b06e4a23dd7fc6960dc430dd3c25,21205470111025221,10000,8,,,,,,,,,,,,,137965,4182413312,5039063040,5050597376,856649728,3108075520
summary,cuda_data_path_fixed_64,fork_cow,,append,,,,,,,,,,,,,,,,62144,98304,102560,f593161df222b06e4a23dd7fc6960dc430dd3c25,21205470111025221,10000,8,1668.445229,70211,7929856,5.647144615,0,60864,102560,21205470111025221,10000,2,64,18.5654,,,,,,
summary,cuda_data_path_fixed_64,fork_cow,,cow_append,,,,,,,,,,,,,,,,62464,102400,145408,f593161df222b06e4a23dd7fc6960dc430dd3c25,21205470111025221,10000,8,1668.445229,73666,450560,0.3058143828,0,60672,145408,21205470111025221,10000,2,64,18.5654,,,,,,
summary,cuda_data_path_fixed_64,fork_cow,,gather,,,,,,,,,,,,,,,,65504,88992,89088,f593161df222b06e4a23dd7fc6960dc430dd3c25,21205470111025221,10000,8,1668.445229,70702,8380416,5.926542805,0,64064,89088,21205470111025221,10000,2,64,18.5654,,,,,,
capacity,cuda_data_path_fixed_64,long,contiguous_max,,,,,,,,4962308,5440000,5440000,477692,10000,0,0,1051,0.9121889706,,,,f593161df222b06e4a23dd7fc6960dc430dd3c25,21205470111025221,10000,8,,,,,,,,,,,,,0,111790874624,122552320000,122552320000,10761445376,0
capacity,cuda_data_path_fixed_64,long,fixed_8,,,,,,,,4962308,4997024,4997024,34716,624628,0,0,1144,0.9930526649,,,,f593161df222b06e4a23dd7fc6960dc430dd3c25,21205470111025221,10000,8,,,,,,,,,,,,,0,111790874624,112572956672,112572956672,782082048,0
capacity,cuda_data_path_fixed_64,long,fixed_16,,,,,,,,4962308,5036944,5036944,74636,314809,0,0,1135,0.9851822851,,,,f593161df222b06e4a23dd7fc6960dc430dd3c25,21205470111025221,10000,8,,,,,,,,,,,,,0,111790874624,113472274432,113472274432,1681399808,0
capacity,cuda_data_path_fixed_64,long,fixed_32,,,,,,,,4962308,5115776,5115776,153468,159868,0,0,1118,0.9700010321,,,,f593161df222b06e4a23dd7fc6960dc430dd3c25,21205470111025221,10000,8,,,,,,,,,,,,,0,111790874624,115248201728,115248201728,3457327104,0
capacity,cuda_data_path_fixed_64,long,fixed_64,,,,,,,,4962308,5322816,5322816,360508,83169,0,0,1074,0.9322711888,,,,f593161df222b06e4a23dd7fc6960dc430dd3c25,21205470111025221,10000,8,,,,,,,,,,,,,0,111790874624,119912398848,119912398848,8121524224,0
capacity,cuda_data_path_fixed_64,long,hetero_8_64_without_promotion,,,,,,,,4962308,4997024,4997024,34716,624628,624628,0,1144,0.9930526649,,,,f593161df222b06e4a23dd7fc6960dc430dd3c25,21205470111025221,10000,8,,,,,,,,,,,,,0,111790874624,112572956672,112572956672,782082048,0
capacity,cuda_data_path_fixed_64,long,hetero_8_64_with_promotion,,,,,,,,4962308,4997024,4997536,34716,111017,37644,73373,1144,0.9930526649,,,,f593161df222b06e4a23dd7fc6960dc430dd3c25,21205470111025221,10000,8,,,,,,,,,,,,,0,111790874624,112572956672,112584491008,782082048,0
summary,cuda_data_path_fixed_64,long,,append,,,,,,,,,,,,,,,,213664,233472,248448,f593161df222b06e4a23dd7fc6960dc430dd3c25,21205470111025221,10000,8,338.6067612,217606,230686720,53.00549984,0,212096,248448,21205470111025221,10000,448,544,496.2308,,,,,,
summary,cuda_data_path_fixed_64,long,,gather,,,,,,,,,,,,,,,,251776,277504,279200,f593161df222b06e4a23dd7fc6960dc430dd3c25,21205470111025221,10000,8,338.6067612,256843,230686720,44.908084,0,250880,279200,21205470111025221,10000,448,544,496.2308,,,,,,
summary,cuda_data_path_fixed_64,long,,reference_attention,,,,,,,,,,,,,,,,1233920,1283072,1308896,f593161df222b06e4a23dd7fc6960dc430dd3c25,21205470111025221,10000,8,338.6067612,1233198,231587840,9.389723503,0,1179840,1308896,21205470111025221,10000,448,544,496.2308,,,,,,
capacity,cuda_data_path_fixed_64,mixed,contiguous_max,,,,,,,,1412999,5440000,5440000,4027001,10000,0,0,1051,0.2597424632,,,,f593161df222b06e4a23dd7fc6960dc430dd3c25,21205470111025221,10000,8,,,,,,,,,,,,,0,31832041472,122552320000,122552320000,90720278528,0
capacity,cuda_data_path_fixed_64,mixed,fixed_8,,,,,,,,1412999,1448064,1448064,35065,181008,0,0,3949,0.9757849101,,,,f593161df222b06e4a23dd7fc6960dc430dd3c25,21205470111025221,10000,8,,,,,,,,,,,,,0,31832041472,32621985792,32621985792,789944320,0
capacity,cuda_data_path_fixed_64,mixed,fixed_16,,,,,,,,1412999,1488320,1488320,75321,93020,0,0,3842,0.9493919318,,,,f593161df222b06e4a23dd7fc6960dc430dd3c25,21205470111025221,10000,8,,,,,,,,,,,,,0,31832041472,33528872960,33528872960,1696831488,0
capacity,cuda_data_path_fixed_64,mixed,fixed_32,,,,,,,,1412999,1568672,1568672,155673,49021,0,0,3646,0.9007612809,,,,f593161df222b06e4a23dd7fc6960dc430dd3c25,21205470111025221,10000,8,,,,,,,,,,,,,0,31832041472,35339042816,35339042816,3507001344,0
capacity,cuda_data_path_fixed_64,mixed,fixed_64,,,,,,,,1412999,1730048,1730048,317049,27032,0,0,3305,0.8167397668,,,,f593161df222b06e4a23dd7fc6960dc430dd3c25,21205470111025221,10000,8,,,,,,,,,,,,,0,31832041472,38974521344,38974521344,7142479872,0
capacity,cuda_data_path_fixed_64,mixed,hetero_8_64_without_promotion,,,,,,,,1412999,1448064,1448064,35065,181008,181008,0,3949,0.9757849101,,,,f593161df222b06e4a23dd7fc6960dc430dd3c25,21205470111025221,10000,8,,,,,,,,,,,,,0,31832041472,32621985792,32621985792,789944320,0
capacity,cuda_data_path_fixed_64,mixed,hetero_8_64_with_promotion,,,,,,,,1412999,1448064,1448576,35065,60790,43616,17174,3949,0.9757849101,,,,f593161df222b06e4a23dd7fc6960dc430dd3c25,21205470111025221,10000,8,,,,,,,,,,,,,0,31832041472,32621985792,32633520128,789944320,0
summary,cuda_data_path_fixed_64,mixed,,append,,,,,,,,,,,,,,,,125952,244672,297120,f593161df222b06e4a23dd7fc6960dc430dd3c25,21205470111025221,10000,8,547.489739,142171,123994112,43.60732413,0,62464,297120,21205470111025221,10000,1,544,141.2999,,,,,,
summary,cuda_data_path_fixed_64,mixed,,gather,,,,,,,,,,,,,,,,134240,285984,290816,f593161df222b06e4a23dd7fc6960dc430dd3c25,21205470111025221,10000,8,547.489739,155878,123994112,39.77270488,0,63616,290816,21205470111025221,10000,1,544,141.2999,,,,,,
summary,cuda_data_path_fixed_64,mixed,,reference_attention,,,,,,,,,,,,,,,,688128,1285120,1339936,f593161df222b06e4a23dd7fc6960dc430dd3c25,21205470111025221,10000,8,547.489739,690373,124895232,9.045491943,0,154848,1339936,21205470111025221,10000,1,544,141.2999,,,,,,
capacity,cuda_data_path_fixed_64,shared_prompt,contiguous_max,,,,,,,,2240039,5440000,5440000,3199961,10000,0,0,1051,0.411771875,,,,f593161df222b06e4a23dd7fc6960dc430dd3c25,21205470111025221,10000,8,,,,,,,,,,,,,1599552,50463598592,122552320000,122552320000,72088721408,36034707456
capacity,cuda_data_path_fixed_64,shared_prompt,fixed_8,,,,,,,,2240039,2275624,2275624,35585,284453,0,0,2513,0.9843625309,,,,f593161df222b06e4a23dd7fc6960dc430dd3c25,21205470111025221,10000,8,,,,,,,,,,,,,1599552,50463598592,51265257472,51265257472,801658880,36034707456
capacity,cuda_data_path_fixed_64,shared_prompt,fixed_16,,,,,,,,2240039,2316368,2316368,76329,144773,0,0,2469,0.967047982,,,,f593161df222b06e4a23dd7fc6960dc430dd3c25,21205470111025221,10000,8,,,,,,,,,,,,,1599552,50463598592,52183138304,52183138304,1719539712,36034707456
capacity,cuda_data_path_fixed_64,shared_prompt,fixed_32,,,,,,,,2240039,2397856,2397856,157817,74933,0,0,2385,0.9341841211,,,,f593161df222b06e4a23dd7fc6960dc430dd3c25,21205470111025221,10000,8,,,,,,,,,,,,,1599552,50463598592,54018899968,54018899968,3555301376,36034707456
capacity,cuda_data_path_fixed_64,shared_prompt,fixed_64,,,,,,,,2240039,2559616,2559616,319577,39994,0,0,2234,0.8751465064,,,,f593161df222b06e4a23dd7fc6960dc430dd3c25,21205470111025221,10000,8,,,,,,,,,,,,,1599552,50463598592,57663029248,57663029248,7199430656,36034707456
capacity,cuda_data_path_fixed_64,shared_prompt,hetero_8_64_without_promotion,,,,,,,,2240039,2275624,2275624,35585,284453,284453,0,2513,0.9843625309,,,,f593161df222b06e4a23dd7fc6960dc430dd3c25,21205470111025221,10000,8,,,,,,,,,,,,,1599552,50463598592,51265257472,51265257472,801658880,36034707456
capacity,cuda_data_path_fixed_64,shared_prompt,hetero_8_64_with_promotion,,,,,,,,2240039,2275624,2276136,35585,74495,44501,29994,2513,0.9843625309,,,,f593161df222b06e4a23dd7fc6960dc430dd3c25,21205470111025221,10000,8,,,,,,,,,,,,,1599552,50463598592,51265257472,51276791808,801658880,36034707456
summary,cuda_data_path_fixed_64,shared_prompt,,append,,,,,,,,,,,,,,,,38624,124928,125952,f593161df222b06e4a23dd7fc6960dc430dd3c25,21205470111025221,10000,8,3103.858413,51370,66908160,11.84057626,0,37344,125952,21205470111025221,10000,65,319,224.0039,,,,,,
summary,cuda_data_path_fixed_64,shared_prompt,,gather,,,,,,,,,,,,,,,,133312,141408,157504,f593161df222b06e4a23dd7fc6960dc430dd3c25,21205470111025221,10000,8,3103.858413,111568,379777024,37.82217761,0,62464,157504,21205470111025221,10000,65,319,224.0039,,,,,,
capacity,cuda_data_path_fixed_64,short,contiguous_max,,,,,,,,322540,5440000,5440000,5117460,10000,0,0,1051,0.05929044118,,,,f593161df222b06e4a23dd7fc6960dc430dd3c25,21205470111025221,10000,8,,,,,,,,,,,,,0,7266181120,122552320000,122552320000,115286138880,0
capacity,cuda_data_path_fixed_64,short,fixed_8,,,,,,,,322540,358448,358448,35908,44806,0,0,10000,0.8998236843,,,,f593161df222b06e4a23dd7fc6960dc430dd3c25,21205470111025221,10000,8,,,,,,,,,,,,,0,7266181120,8075116544,8075116544,808935424,0
capacity,cuda_data_path_fixed_64,short,fixed_16,,,,,,,,322540,398352,398352,75812,24897,0,0,10000,0.8096859059,,,,f593161df222b06e4a23dd7fc6960dc430dd3c25,21205470111025221,10000,8,,,,,,,,,,,,,0,7266181120,8974073856,8974073856,1707892736,0
capacity,cuda_data_path_fixed_64,short,fixed_32,,,,,,,,322540,479392,479392,156852,14981,0,0,10000,0.67281056,,,,f593161df222b06e4a23dd7fc6960dc430dd3c25,21205470111025221,10000,8,,,,,,,,,,,,,0,7266181120,10799742976,10799742976,3533561856,0
capacity,cuda_data_path_fixed_64,short,fixed_64,,,,,,,,322540,640000,640000,317460,10000,0,0,8936,0.50396875,,,,f593161df222b06e4a23dd7fc6960dc430dd3c25,21205470111025221,10000,8,,,,,,,,,,,,,0,7266181120,14417920000,14417920000,7151738880,0
capacity,cuda_data_path_fixed_64,short,hetero_8_64_without_promotion,,,,,,,,322540,358448,358448,35908,44806,44806,0,10000,0.8998236843,,,,f593161df222b06e4a23dd7fc6960dc430dd3c25,21205470111025221,10000,8,,,,,,,,,,,,,0,7266181120,8075116544,8075116544,808935424,0
capacity,cuda_data_path_fixed_64,short,hetero_8_64_with_promotion,,,,,,,,322540,358448,358448,35908,44806,44806,0,10000,0.8998236843,,,,f593161df222b06e4a23dd7fc6960dc430dd3c25,21205470111025221,10000,8,,,,,,,,,,,,,0,7266181120,8075116544,8075116544,808935424,0
summary,cuda_data_path_fixed_64,short,,append,,,,,,,,,,,,,,,,61472,76800,97472,f593161df222b06e4a23dd7fc6960dc430dd3c25,21205470111025221,10000,8,1544.309482,64083,14417920,11.24937581,0,56224,97472,21205470111025221,10000,1,63,32.254,,,,,,
summary,cuda_data_path_fixed_64,short,,gather,,,,,,,,,,,,,,,,64416,102400,109888,f593161df222b06e4a23dd7fc6960dc430dd3c25,21205470111025221,10000,8,1544.309482,69560,14417920,10.36365727,0,63488,109888,21205470111025221,10000,1,63,32.254,,,,,,
summary,cuda_data_path_fixed_64,short,,reference_attention,,,,,,,,,,,,,,,,122176,130432,183296,f593161df222b06e4a23dd7fc6960dc430dd3c25,21205470111025221,10000,8,1544.309482,124118,15319040,6.171139815,0,103424,183296,21205470111025221,10000,1,63,32.254,,,,,,
capacity,cuda_data_path_fixed_8,adversarial,contiguous_max,,,,,,,,2569744,5440000,5440000,2870256,10000,0,0,1051,0.4723794118,,,,f593161df222b06e4a23dd7fc6960dc430dd3c25,21205470111025221,10000,8,,,,,,,,,,,,,0,57891192832,122552320000,122552320000,64661127168,0
capacity,cuda_data_path_fixed_8,adversarial,fixed_8,,,,,,,,2569744,2639744,2639744,70000,329968,0,0,2166,0.9734822771,,,,f593161df222b06e4a23dd7fc6960dc430dd3c25,21205470111025221,10000,8,,,,,,,,,,,,,0,57891192832,59468152832,59468152832,1576960000,0
capacity,cuda_data_path_fixed_8,adversarial,fixed_16,,,,,,,,2569744,2719744,2719744,150000,169984,0,0,2102,0.9448477504,,,,f593161df222b06e4a23dd7fc6960dc430dd3c25,21205470111025221,10000,8,,,,,,,,,,,,,0,57891192832,61270392832,61270392832,3379200000,0
capacity,cuda_data_path_fixed_8,adversarial,fixed_32,,,,,,,,2569744,2879744,2879744,310000,89992,0,0,1986,0.8923515424,,,,f593161df222b06e4a23dd7fc6960dc430dd3c25,21205470111025221,10000,8,,,,,,,,,,,,,0,57891192832,64874872832,64874872832,6983680000,0
capacity,cuda_data_path_fixed_8,adversarial,fixed_64,,,,,,,,2569744,3199744,3199744,630000,49996,0,0,1787,0.8031092487,,,,f593161df222b06e4a23dd7fc6960dc430dd3c25,21205470111025221,10000,8,,,,,,,,,,,,,0,57891192832,72083832832,72083832832,14192640000,0
capacity,cuda_data_path_fixed_8,adversarial,hetero_8_64_without_promotion,,,,,,,,2569744,2639744,2639744,70000,329968,329968,0,2166,0.9734822771,,,,f593161df222b06e4a23dd7fc6960dc430dd3c25,21205470111025221,10000,8,,,,,,,,,,,,,0,57891192832,59468152832,59468152832,1576960000,0
capacity,cuda_data_path_fixed_8,adversarial,hetero_8_64_with_promotion,,,,,,,,2569744,2639744,2640256,70000,49996,10000,39996,2166,0.9734822771,,,,f593161df222b06e4a23dd7fc6960dc430dd3c25,21205470111025221,10000,8,,,,,,,,,,,,,0,57891192832,59468152832,59479687168,1576960000,0
summary,cuda_data_path_fixed_8,adversarial,,append,,,,,,,,,,,,,,,,202848,506880,558080,f593161df222b06e4a23dd7fc6960dc430dd3c25,21205470111025221,10000,8,408.3430196,255803,120119296,23.47884937,0,80800,558080,21205470111025221,10000,1,513,256.9744,,,,,,
summary,cuda_data_path_fixed_8,adversarial,,gather,,,,,,,,,,,,,,,,231712,682208,707520,f593161df222b06e4a23dd7fc6960dc430dd3c25,21205470111025221,10000,8,408.3430196,319480,120119296,18.79918868,0,70656,707520,21205470111025221,10000,1,513,256.9744,,,,,,
summary,cuda_data_path_fixed_8,adversarial,,reference_attention,,,,,,,,,,,,,,,,843296,1721344,1805376,f593161df222b06e4a23dd7fc6960dc430dd3c25,21205470111025221,10000,8,408.3430196,877355,121020416,6.896888284,0,163840,1805376,21205470111025221,10000,1,513,256.9744,,,,,,
capacity,cuda_data_path_fixed_8,fork_cow,contiguous_max,,,,,,,,185654,5440000,5440000,5254346,10000,0,0,1051,0.03412757353,,,,f593161df222b06e4a23dd7fc6960dc430dd3c25,21205470111025221,10000,8,,,,,,,,,,,,,137965,4182413312,122552320000,122552320000,118369906688,3108075520
capacity,cuda_data_path_fixed_8,fork_cow,fixed_8,,,,,,,,185654,223680,223680,38026,27960,0,0,10000,0.8299982117,,,,f593161df222b06e4a23dd7fc6960dc430dd3c25,21205470111025221,10000,8,,,,,,,,,,,,,137965,4182413312,5039063040,5039063040,856649728,3108075520
capacity,cuda_data_path_fixed_8,fork_cow,fixed_16,,,,,,,,185654,255712,255712,70058,15982,0,0,10000,0.7260277187,,,,f593161df222b06e4a23dd7fc6960dc430dd3c25,21205470111025221,10000,8,,,,,,,,,,,,,137965,4182413312,5760679936,5760679936,1578266624,3108075520
capacity,cuda_data_path_fixed_8,fork_cow,fixed_32,,,,,,,,185654,383808,383808,198154,11994,0,0,10000,0.4837158162,,,,f593161df222b06e4a23dd7fc6960dc430dd3c25,21205470111025221,10000,8,,,,,,,,,,,,,137965,4182413312,8646426624,8646426624,4464013312,3108075520
capacity,cuda_data_path_fixed_8,fork_cow,fixed_64,,,,,,,,185654,640000,640000,454346,10000,0,0,8936,0.290084375,,,,f593161df222b06e4a23dd7fc6960dc430dd3c25,21205470111025221,10000,8,,,,,,,,,,,,,137965,4182413312,14417920000,14417920000,10235506688,3108075520
capacity,cuda_data_path_fixed_8,fork_cow,hetero_8_64_without_promotion,,,,,,,,185654,223680,223680,38026,27960,27960,0,10000,0.8299982117,,,,f593161df222b06e4a23dd7fc6960dc430dd3c25,21205470111025221,10000,8,,,,,,,,,,,,,137965,4182413312,5039063040,5039063040,856649728,3108075520
capacity,cuda_data_path_fixed_8,fork_cow,hetero_8_64_with_promotion,,,,,,,,185654,223680,224192,38026,14002,12008,1994,10000,0.8299982117,,,,f593161df222b06e4a23dd7fc6960dc430dd3c25,21205470111025221,10000,8,,,,,,,,,,,,,137965,4182413312,5039063040,5050597376,856649728,3108075520
summary,cuda_data_path_fixed_8,fork_cow,,append,,,,,,,,,,,,,,,,38016,74720,123520,f593161df222b06e4a23dd7fc6960dc430dd3c25,21205470111025221,10000,8,2314.682471,48875,7929856,8.112351458,0,37248,123520,21205470111025221,10000,2,64,18.5654,,,,,,
summary,cuda_data_path_fixed_8,fork_cow,,cow_append,,,,,,,,,,,,,,,,38048,59392,196608,f593161df222b06e4a23dd7fc6960dc430dd3c25,21205470111025221,10000,8,2314.682471,47490,450560,0.4743775479,0,37856,196608,21205470111025221,10000,2,64,18.5654,,,,,,
summary,cuda_data_path_fixed_8,fork_cow,,gather,,,,,,,,,,,,,,,,38176,68448,68544,f593161df222b06e4a23dd7fc6960dc430dd3c25,21205470111025221,10000,8,2314.682471,46573,8380416,8.997114195,0,37248,68544,21205470111025221,10000,2,64,18.5654,,,,,,
capacity,cuda_data_path_fixed_8,long,contiguous_max,,,,,,,,4962308,5440000,5440000,477692,10000,0,0,1051,0.9121889706,,,,f593161df222b06e4a23dd7fc6960dc430dd3c25,21205470111025221,10000,8,,,,,,,,,,,,,0,111790874624,122552320000,122552320000,10761445376,0
capacity,cuda_data_path_fixed_8,long,fixed_8,,,,,,,,4962308,4997024,4997024,34716,624628,0,0,1144,0.9930526649,,,,f593161df222b06e4a23dd7fc6960dc430dd3c25,21205470111025221,10000,8,,,,,,,,,,,,,0,111790874624,112572956672,112572956672,782082048,0
capacity,cuda_data_path_fixed_8,long,fixed_16,,,,,,,,4962308,5036944,5036944,74636,314809,0,0,1135,0.9851822851,,,,f593161df222b06e4a23dd7fc6960dc430dd3c25,21205470111025221,10000,8,,,,,,,,,,,,,0,111790874624,113472274432,113472274432,1681399808,0
capacity,cuda_data_path_fixed_8,long,fixed_32,,,,,,,,4962308,5115776,5115776,153468,159868,0,0,1118,0.9700010321,,,,f593161df222b06e4a23dd7fc6960dc430dd3c25,21205470111025221,10000,8,,,,,,,,,,,,,0,111790874624,115248201728,115248201728,3457327104,0
capacity,cuda_data_path_fixed_8,long,fixed_64,,,,,,,,4962308,5322816,5322816,360508,83169,0,0,1074,0.9322711888,,,,f593161df222b06e4a23dd7fc6960dc430dd3c25,21205470111025221,10000,8,,,,,,,,,,,,,0,111790874624,119912398848,119912398848,8121524224,0
capacity,cuda_data_path_fixed_8,long,hetero_8_64_without_promotion,,,,,,,,4962308,4997024,4997024,34716,624628,624628,0,1144,0.9930526649,,,,f593161df222b06e4a23dd7fc6960dc430dd3c25,21205470111025221,10000,8,,,,,,,,,,,,,0,111790874624,112572956672,112572956672,782082048,0
capacity,cuda_data_path_fixed_8,long,hetero_8_64_with_promotion,,,,,,,,4962308,4997024,4997536,34716,111017,37644,73373,1144,0.9930526649,,,,f593161df222b06e4a23dd7fc6960dc430dd3c25,21205470111025221,10000,8,,,,,,,,,,,,,0,111790874624,112572956672,112584491008,782082048,0
summary,cuda_data_path_fixed_8,long,,append,,,,,,,,,,,,,,,,411040,575264,763904,f593161df222b06e4a23dd7fc6960dc430dd3c25,21205470111025221,10000,8,230.550527,453795,230686720,25.4174923,0,385024,763904,21205470111025221,10000,448,544,496.2308,,,,,,
summary,cuda_data_path_fixed_8,long,,gather,,,,,,,,,,,,,,,,660672,693664,718784,f593161df222b06e4a23dd7fc6960dc430dd3c25,21205470111025221,10000,8,230.550527,664320,230686720,17.36262042,0,635904,718784,21205470111025221,10000,448,544,496.2308,,,,,,
summary,cuda_data_path_fixed_8,long,,reference_attention,,,,,,,,,,,,,,,,1668544,1797120,1882048,f593161df222b06e4a23dd7fc6960dc430dd3c25,21205470111025221,10000,8,230.550527,1685256,231587840,6.870998827,0,1596768,1882048,21205470111025221,10000,448,544,496.2308,,,,,,
capacity,cuda_data_path_fixed_8,mixed,contiguous_max,,,,,,,,1412999,5440000,5440000,4027001,10000,0,0,1051,0.2597424632,,,,f593161df222b06e4a23dd7fc6960dc430dd3c25,21205470111025221,10000,8,,,,,,,,,,,,,0,31832041472,122552320000,122552320000,90720278528,0
capacity,cuda_data_path_fixed_8,mixed,fixed_8,,,,,,,,1412999,1448064,1448064,35065,181008,0,0,3949,0.9757849101,,,,f593161df222b06e4a23dd7fc6960dc430dd3c25,21205470111025221,10000,8,,,,,,,,,,,,,0,31832041472,32621985792,32621985792,789944320,0
capacity,cuda_data_path_fixed_8,mixed,fixed_16,,,,,,,,1412999,1488320,1488320,75321,93020,0,0,3842,0.9493919318,,,,f593161df222b06e4a23dd7fc6960dc430dd3c25,21205470111025221,10000,8,,,,,,,,,,,,,0,31832041472,33528872960,33528872960,1696831488,0
capacity,cuda_data_path_fixed_8,mixed,fixed_32,,,,,,,,1412999,1568672,1568672,155673,49021,0,0,3646,0.9007612809,,,,f593161df222b06e4a23dd7fc6960dc430dd3c25,21205470111025221,10000,8,,,,,,,,,,,,,0,31832041472,35339042816,35339042816,3507001344,0
capacity,cuda_data_path_fixed_8,mixed,fixed_64,,,,,,,,1412999,1730048,1730048,317049,27032,0,0,3305,0.8167397668,,,,f593161df222b06e4a23dd7fc6960dc430dd3c25,21205470111025221,10000,8,,,,,,,,,,,,,0,31832041472,38974521344,38974521344,7142479872,0
capacity,cuda_data_path_fixed_8,mixed,hetero_8_64_without_promotion,,,,,,,,1412999,1448064,1448064,35065,181008,181008,0,3949,0.9757849101,,,,f593161df222b06e4a23dd7fc6960dc430dd3c25,21205470111025221,10000,8,,,,,,,,,,,,,0,31832041472,32621985792,32621985792,789944320,0
capacity,cuda_data_path_fixed_8,mixed,hetero_8_64_with_promotion,,,,,,,,1412999,1448064,1448576,35065,60790,43616,17174,3949,0.9757849101,,,,f593161df222b06e4a23dd7fc6960dc430dd3c25,21205470111025221,10000,8,,,,,,,,,,,,,0,31832041472,32621985792,32633520128,789944320,0
summary,cuda_data_path_fixed_8,mixed,,append,,,,,,,,,,,,,,,,195584,440032,476960,f593161df222b06e4a23dd7fc6960dc430dd3c25,21205470111025221,10000,8,420.5377694,234165,123994112,26.47582216,0,65984,476960,21205470111025221,10000,1,544,141.2999,,,,,,
summary,cuda_data_path_fixed_8,mixed,,gather,,,,,,,,,,,,,,,,229088,736224,739328,f593161df222b06e4a23dd7fc6960dc430dd3c25,21205470111025221,10000,8,420.5377694,323922,123994112,19.13952512,0,69632,739328,21205470111025221,10000,1,544,141.2999,,,,,,
summary,cuda_data_path_fixed_8,mixed,,reference_attention,,,,,,,,,,,,,,,,837664,1820256,2057952,f593161df222b06e4a23dd7fc6960dc430dd3c25,21205470111025221,10000,8,420.5377694,901989,124895232,6.92332499,0,161792,2057952,21205470111025221,10000,1,544,141.2999,,,,,,
capacity,cuda_data_path_fixed_8,shared_prompt,contiguous_max,,,,,,,,2240039,5440000,5440000,3199961,10000,0,0,1051,0.411771875,,,,f593161df222b06e4a23dd7fc6960dc430dd3c25,21205470111025221,10000,8,,,,,,,,,,,,,1599552,50463598592,122552320000,122552320000,72088721408,36034707456
capacity,cuda_data_path_fixed_8,shared_prompt,fixed_8,,,,,,,,2240039,2275624,2275624,35585,284453,0,0,2513,0.9843625309,,,,f593161df222b06e4a23dd7fc6960dc430dd3c25,21205470111025221,10000,8,,,,,,,,,,,,,1599552,50463598592,51265257472,51265257472,801658880,36034707456
capacity,cuda_data_path_fixed_8,shared_prompt,fixed_16,,,,,,,,2240039,2316368,2316368,76329,144773,0,0,2469,0.967047982,,,,f593161df222b06e4a23dd7fc6960dc430dd3c25,21205470111025221,10000,8,,,,,,,,,,,,,1599552,50463598592,52183138304,52183138304,1719539712,36034707456
capacity,cuda_data_path_fixed_8,shared_prompt,fixed_32,,,,,,,,2240039,2397856,2397856,157817,74933,0,0,2385,0.9341841211,,,,f593161df222b06e4a23dd7fc6960dc430dd3c25,21205470111025221,10000,8,,,,,,,,,,,,,1599552,50463598592,54018899968,54018899968,3555301376,36034707456
capacity,cuda_data_path_fixed_8,shared_prompt,fixed_64,,,,,,,,2240039,2559616,2559616,319577,39994,0,0,2234,0.8751465064,,,,f593161df222b06e4a23dd7fc6960dc430dd3c25,21205470111025221,10000,8,,,,,,,,,,,,,1599552,50463598592,57663029248,57663029248,7199430656,36034707456
capacity,cuda_data_path_fixed_8,shared_prompt,hetero_8_64_without_promotion,,,,,,,,2240039,2275624,2275624,35585,284453,284453,0,2513,0.9843625309,,,,f593161df222b06e4a23dd7fc6960dc430dd3c25,21205470111025221,10000,8,,,,,,,,,,,,,1599552,50463598592,51265257472,51265257472,801658880,36034707456
capacity,cuda_data_path_fixed_8,shared_prompt,hetero_8_64_with_promotion,,,,,,,,2240039,2275624,2276136,35585,74495,44501,29994,2513,0.9843625309,,,,f593161df222b06e4a23dd7fc6960dc430dd3c25,21205470111025221,10000,8,,,,,,,,,,,,,1599552,50463598592,51265257472,51276791808,801658880,36034707456
summary,cuda_data_path_fixed_8,shared_prompt,,append,,,,,,,,,,,,,,,,39936,191744,197664,f593161df222b06e4a23dd7fc6960dc430dd3c25,21205470111025221,10000,8,2481.835925,56535,66908160,10.75893156,0,38080,211968,21205470111025221,10000,65,319,224.0039,,,,,,
summary,cuda_data_path_fixed_8,shared_prompt,,gather,,,,,,,,,,,,,,,,229568,243520,283008,f593161df222b06e4a23dd7fc6960dc430dd3c25,21205470111025221,10000,8,2481.835925,170518,379777024,24.74661685,0,69088,283008,21205470111025221,10000,65,319,224.0039,,,,,,
capacity,cuda_data_path_fixed_8,short,contiguous_max,,,,,,,,322540,5440000,5440000,5117460,10000,0,0,1051,0.05929044118,,,,f593161df222b06e4a23dd7fc6960dc430dd3c25,21205470111025221,10000,8,,,,,,,,,,,,,0,7266181120,122552320000,122552320000,115286138880,0
capacity,cuda_data_path_fixed_8,short,fixed_8,,,,,,,,322540,358448,358448,35908,44806,0,0,10000,0.8998236843,,,,f593161df222b06e4a23dd7fc6960dc430dd3c25,21205470111025221,10000,8,,,,,,,,,,,,,0,7266181120,8075116544,8075116544,808935424,0
capacity,cuda_data_path_fixed_8,short,fixed_16,,,,,,,,322540,398352,398352,75812,24897,0,0,10000,0.8096859059,,,,f593161df222b06e4a23dd7fc6960dc430dd3c25,21205470111025221,10000,8,,,,,,,,,,,,,0,7266181120,8974073856,8974073856,1707892736,0
capacity,cuda_data_path_fixed_8,short,fixed_32,,,,,,,,322540,479392,479392,156852,14981,0,0,10000,0.67281056,,,,f593161df222b06e4a23dd7fc6960dc430dd3c25,21205470111025221,10000,8,,,,,,,,,,,,,0,7266181120,10799742976,10799742976,3533561856,0
capacity,cuda_data_path_fixed_8,short,fixed_64,,,,,,,,322540,640000,640000,317460,10000,0,0,8936,0.50396875,,,,f593161df222b06e4a23dd7fc6960dc430dd3c25,21205470111025221,10000,8,,,,,,,,,,,,,0,7266181120,14417920000,14417920000,7151738880,0
capacity,cuda_data_path_fixed_8,short,hetero_8_64_without_promotion,,,,,,,,322540,358448,358448,35908,44806,44806,0,10000,0.8998236843,,,,f593161df222b06e4a23dd7fc6960dc430dd3c25,21205470111025221,10000,8,,,,,,,,,,,,,0,7266181120,8075116544,8075116544,808935424,0
capacity,cuda_data_path_fixed_8,short,hetero_8_64_with_promotion,,,,,,,,322540,358448,358448,35908,44806,44806,0,10000,0.8998236843,,,,f593161df222b06e4a23dd7fc6960dc430dd3c25,21205470111025221,10000,8,,,,,,,,,,,,,0,7266181120,8075116544,8075116544,808935424,0
summary,cuda_data_path_fixed_8,short,,append,,,,,,,,,,,,,,,,53248,69632,101408,f593161df222b06e4a23dd7fc6960dc430dd3c25,21205470111025221,10000,8,2130.505386,57154,14417920,12.6133087,0,51392,101408,21205470111025221,10000,1,63,32.254,,,,,,
summary,cuda_data_path_fixed_8,short,,gather,,,,,,,,,,,,,,,,53472,100480,123360,f593161df222b06e4a23dd7fc6960dc430dd3c25,21205470111025221,10000,8,2130.505386,60373,14417920,11.94074153,0,52576,123360,21205470111025221,10000,1,63,32.254,,,,,,
summary,cuda_data_path_fixed_8,short,,reference_attention,,,,,,,,,,,,,,,,95232,118048,129088,f593161df222b06e4a23dd7fc6960dc430dd3c25,21205470111025221,10000,8,2130.505386,98402,15319040,7.783938473,0,94208,129088,21205470111025221,10000,1,63,32.254,,,,,,
capacity,cuda_data_path,adversarial,contiguous_max,,,,,,,,2569744,5440000,5440000,2870256,10000,0,0,1051,0.4723794118,,,,f593161df222b06e4a23dd7fc6960dc430dd3c25,21205470111025221,10000,8,,,,,,,,,,,,,0,57891192832,122552320000,122552320000,64661127168,0
capacity,cuda_data_path,adversarial,fixed_8,,,,,,,,2569744,2639744,2639744,70000,329968,0,0,2166,0.9734822771,,,,f593161df222b06e4a23dd7fc6960dc430dd3c25,21205470111025221,10000,8,,,,,,,,,,,,,0,57891192832,59468152832,59468152832,1576960000,0
capacity,cuda_data_path,adversarial,fixed_16,,,,,,,,2569744,2719744,2719744,150000,169984,0,0,2102,0.9448477504,,,,f593161df222b06e4a23dd7fc6960dc430dd3c25,21205470111025221,10000,8,,,,,,,,,,,,,0,57891192832,61270392832,61270392832,3379200000,0
capacity,cuda_data_path,adversarial,fixed_32,,,,,,,,2569744,2879744,2879744,310000,89992,0,0,1986,0.8923515424,,,,f593161df222b06e4a23dd7fc6960dc430dd3c25,21205470111025221,10000,8,,,,,,,,,,,,,0,57891192832,64874872832,64874872832,6983680000,0
capacity,cuda_data_path,adversarial,fixed_64,,,,,,,,2569744,3199744,3199744,630000,49996,0,0,1787,0.8031092487,,,,f593161df222b06e4a23dd7fc6960dc430dd3c25,21205470111025221,10000,8,,,,,,,,,,,,,0,57891192832,72083832832,72083832832,14192640000,0
capacity,cuda_data_path,adversarial,hetero_8_64_without_promotion,,,,,,,,2569744,2639744,2639744,70000,329968,329968,0,2166,0.9734822771,,,,f593161df222b06e4a23dd7fc6960dc430dd3c25,21205470111025221,10000,8,,,,,,,,,,,,,0,57891192832,59468152832,59468152832,1576960000,0
capacity,cuda_data_path,adversarial,hetero_8_64_with_promotion,,,,,,,,2569744,2639744,2640256,70000,49996,10000,39996,2166,0.9734822771,,,,f593161df222b06e4a23dd7fc6960dc430dd3c25,21205470111025221,10000,8,,,,,,,,,,,,,0,57891192832,59468152832,59479687168,1576960000,0
summary,cuda_data_path,adversarial,,append,,,,,,,,,,,,,,,,202144,476160,483456,f593161df222b06e4a23dd7fc6960dc430dd3c25,21205470111025221,10000,8,374.2530307,239120,120119296,25.11694881,0,78688,483456,21205470111025221,10000,1,513,256.9744,,,,,,
summary,cuda_data_path,adversarial,,promote,,,,,,,,,,,,,,,,87136,121792,235520,f593161df222b06e4a23dd7fc6960dc430dd3c25,21205470111025221,10000,8,374.2530307,95200,119668736,15.14493528,0,84160,235520,21205470111025221,10000,1,513,256.9744,,,,,,
summary,cuda_data_path,adversarial,,gather,,,,,,,,,,,,,,,,135168,252896,289536,f593161df222b06e4a23dd7fc6960dc430dd3c25,21205470111025221,10000,8,374.2530307,151734,120119296,39.58209081,0,63712,289536,21205470111025221,10000,1,513,256.9744,,,,,,
summary,cuda_data_path,adversarial,,reference_attention,,,,,,,,,,,,,,,,753664,1314944,1337344,f593161df222b06e4a23dd7fc6960dc430dd3c25,21205470111025221,10000,8,374.2530307,715312,121020416,8.459274834,0,156896,1337344,21205470111025221,10000,1,513,256.9744,,,,,,
capacity,cuda_data_path,fork_cow,contiguous_max,,,,,,,,185654,5440000,5440000,5254346,10000,0,0,1051,0.03412757353,,,,f593161df222b06e4a23dd7fc6960dc430dd3c25,21205470111025221,10000,8,,,,,,,,,,,,,137965,4182413312,122552320000,122552320000,118369906688,3108075520
capacity,cuda_data_path,fork_cow,fixed_8,,,,,,,,185654,223680,223680,38026,27960,0,0,10000,0.8299982117,,,,f593161df222b06e4a23dd7fc6960dc430dd3c25,21205470111025221,10000,8,,,,,,,,,,,,,137965,4182413312,5039063040,5039063040,856649728,3108075520
capacity,cuda_data_path,fork_cow,fixed_16,,,,,,,,185654,255712,255712,70058,15982,0,0,10000,0.7260277187,,,,f593161df222b06e4a23dd7fc6960dc430dd3c25,21205470111025221,10000,8,,,,,,,,,,,,,137965,4182413312,5760679936,5760679936,1578266624,3108075520
capacity,cuda_data_path,fork_cow,fixed_32,,,,,,,,185654,383808,383808,198154,11994,0,0,10000,0.4837158162,,,,f593161df222b06e4a23dd7fc6960dc430dd3c25,21205470111025221,10000,8,,,,,,,,,,,,,137965,4182413312,8646426624,8646426624,4464013312,3108075520
capacity,cuda_data_path,fork_cow,fixed_64,,,,,,,,185654,640000,640000,454346,10000,0,0,8936,0.290084375,,,,f593161df222b06e4a23dd7fc6960dc430dd3c25,21205470111025221,10000,8,,,,,,,,,,,,,137965,4182413312,14417920000,14417920000,10235506688,3108075520
capacity,cuda_data_path,fork_cow,hetero_8_64_without_promotion,,,,,,,,185654,223680,223680,38026,27960,27960,0,10000,0.8299982117,,,,f593161df222b06e4a23dd7fc6960dc430dd3c25,21205470111025221,10000,8,,,,,,,,,,,,,137965,4182413312,5039063040,5039063040,856649728,3108075520
capacity,cuda_data_path,fork_cow,hetero_8_64_with_promotion,,,,,,,,185654,223680,224192,38026,14002,12008,1994,10000,0.8299982117,,,,f593161df222b06e4a23dd7fc6960dc430dd3c25,21205470111025221,10000,8,,,,,,,,,,,,,137965,4182413312,5039063040,5050597376,856649728,3108075520
summary,cuda_data_path,fork_cow,,append,,,,,,,,,,,,,,,,48128,78944,119808,f593161df222b06e4a23dd7fc6960dc430dd3c25,21205470111025221,10000,8,1770.360361,57110,7929856,6.942567378,0,39328,119808,21205470111025221,10000,2,64,18.5654,,,,,,
summary,cuda_data_path,fork_cow,,cow_append,,,,,,,,,,,,,,,,47264,82720,100352,f593161df222b06e4a23dd7fc6960dc430dd3c25,21205470111025221,10000,8,1770.360361,54234,450560,0.4153882464,0,39904,100352,21205470111025221,10000,2,64,18.5654,,,,,,
summary,cuda_data_path,fork_cow,,gather,,,,,,,,,,,,,,,,48128,89376,89888,f593161df222b06e4a23dd7fc6960dc430dd3c25,21205470111025221,10000,8,1770.360361,59514,8380416,7.040757071,0,39776,89888,21205470111025221,10000,2,64,18.5654,,,,,,
capacity,cuda_data_path,long,contiguous_max,,,,,,,,4962308,5440000,5440000,477692,10000,0,0,1051,0.9121889706,,,,f593161df222b06e4a23dd7fc6960dc430dd3c25,21205470111025221,10000,8,,,,,,,,,,,,,0,111790874624,122552320000,122552320000,10761445376,0
capacity,cuda_data_path,long,fixed_8,,,,,,,,4962308,4997024,4997024,34716,624628,0,0,1144,0.9930526649,,,,f593161df222b06e4a23dd7fc6960dc430dd3c25,21205470111025221,10000,8,,,,,,,,,,,,,0,111790874624,112572956672,112572956672,782082048,0
capacity,cuda_data_path,long,fixed_16,,,,,,,,4962308,5036944,5036944,74636,314809,0,0,1135,0.9851822851,,,,f593161df222b06e4a23dd7fc6960dc430dd3c25,21205470111025221,10000,8,,,,,,,,,,,,,0,111790874624,113472274432,113472274432,1681399808,0
capacity,cuda_data_path,long,fixed_32,,,,,,,,4962308,5115776,5115776,153468,159868,0,0,1118,0.9700010321,,,,f593161df222b06e4a23dd7fc6960dc430dd3c25,21205470111025221,10000,8,,,,,,,,,,,,,0,111790874624,115248201728,115248201728,3457327104,0
capacity,cuda_data_path,long,fixed_64,,,,,,,,4962308,5322816,5322816,360508,83169,0,0,1074,0.9322711888,,,,f593161df222b06e4a23dd7fc6960dc430dd3c25,21205470111025221,10000,8,,,,,,,,,,,,,0,111790874624,119912398848,119912398848,8121524224,0
capacity,cuda_data_path,long,hetero_8_64_without_promotion,,,,,,,,4962308,4997024,4997024,34716,624628,624628,0,1144,0.9930526649,,,,f593161df222b06e4a23dd7fc6960dc430dd3c25,21205470111025221,10000,8,,,,,,,,,,,,,0,111790874624,112572956672,112572956672,782082048,0
capacity,cuda_data_path,long,hetero_8_64_with_promotion,,,,,,,,4962308,4997024,4997536,34716,111017,37644,73373,1144,0.9930526649,,,,f593161df222b06e4a23dd7fc6960dc430dd3c25,21205470111025221,10000,8,,,,,,,,,,,,,0,111790874624,112572956672,112584491008,782082048,0
summary,cuda_data_path,long,,append,,,,,,,,,,,,,,,,421440,676096,686720,f593161df222b06e4a23dd7fc6960dc430dd3c25,21205470111025221,10000,8,202.8191147,465443,230686720,24.78140405,0,365760,686720,21205470111025221,10000,448,544,496.2308,,,,,,
summary,cuda_data_path,long,,promote,,,,,,,,,,,,,,,,98304,131072,151296,f593161df222b06e4a23dd7fc6960dc430dd3c25,21205470111025221,10000,8,202.8191147,102425,230686720,14.07650837,0,79072,153600,21205470111025221,10000,448,544,496.2308,,,,,,
summary,cuda_data_path,long,,gather,,,,,,,,,,,,,,,,253952,282496,384000,f593161df222b06e4a23dd7fc6960dc430dd3c25,21205470111025221,10000,8,202.8191147,269411,230686720,42.81312729,0,251744,384000,21205470111025221,10000,448,544,496.2308,,,,,,
summary,cuda_data_path,long,,reference_attention,,,,,,,,,,,,,,,,1270784,1345632,1770496,f593161df222b06e4a23dd7fc6960dc430dd3c25,21205470111025221,10000,8,202.8191147,1298261,231587840,8.919157075,0,1195104,1770496,21205470111025221,10000,448,544,496.2308,,,,,,
capacity,cuda_data_path,mixed,contiguous_max,,,,,,,,1412999,5440000,5440000,4027001,10000,0,0,1051,0.2597424632,,,,f593161df222b06e4a23dd7fc6960dc430dd3c25,21205470111025221,10000,8,,,,,,,,,,,,,0,31832041472,122552320000,122552320000,90720278528,0
capacity,cuda_data_path,mixed,fixed_8,,,,,,,,1412999,1448064,1448064,35065,181008,0,0,3949,0.9757849101,,,,f593161df222b06e4a23dd7fc6960dc430dd3c25,21205470111025221,10000,8,,,,,,,,,,,,,0,31832041472,32621985792,32621985792,789944320,0
capacity,cuda_data_path,mixed,fixed_16,,,,,,,,1412999,1488320,1488320,75321,93020,0,0,3842,0.9493919318,,,,f593161df222b06e4a23dd7fc6960dc430dd3c25,21205470111025221,10000,8,,,,,,,,,,,,,0,31832041472,33528872960,33528872960,1696831488,0
capacity,cuda_data_path,mixed,fixed_32,,,,,,,,1412999,1568672,1568672,155673,49021,0,0,3646,0.9007612809,,,,f593161df222b06e4a23dd7fc6960dc430dd3c25,21205470111025221,10000,8,,,,,,,,,,,,,0,31832041472,35339042816,35339042816,3507001344,0
capacity,cuda_data_path,mixed,fixed_64,,,,,,,,1412999,1730048,1730048,317049,27032,0,0,3305,0.8167397668,,,,f593161df222b06e4a23dd7fc6960dc430dd3c25,21205470111025221,10000,8,,,,,,,,,,,,,0,31832041472,38974521344,38974521344,7142479872,0
capacity,cuda_data_path,mixed,hetero_8_64_without_promotion,,,,,,,,1412999,1448064,1448064,35065,181008,181008,0,3949,0.9757849101,,,,f593161df222b06e4a23dd7fc6960dc430dd3c25,21205470111025221,10000,8,,,,,,,,,,,,,0,31832041472,32621985792,32621985792,789944320,0
capacity,cuda_data_path,mixed,hetero_8_64_with_promotion,,,,,,,,1412999,1448064,1448576,35065,60790,43616,17174,3949,0.9757849101,,,,f593161df222b06e4a23dd7fc6960dc430dd3c25,21205470111025221,10000,8,,,,,,,,,,,,,0,31832041472,32621985792,32633520128,789944320,0
summary,cuda_data_path,mixed,,append,,,,,,,,,,,,,,,,203904,556032,672544,f593161df222b06e4a23dd7fc6960dc430dd3c25,21205470111025221,10000,8,334.3519309,264856,123994112,23.4078352,0,69536,672544,21205470111025221,10000,1,544,141.2999,,,,,,
summary,cuda_data_path,mixed,,promote,,,,,,,,,,,,,,,,99008,141312,205152,f593161df222b06e4a23dd7fc6960dc430dd3c25,21205470111025221,10000,8,334.3519309,105273,119668736,13.69573561,0,84960,205152,21205470111025221,10000,1,544,141.2999,,,,,,
summary,cuda_data_path,mixed,,gather,,,,,,,,,,,,,,,,135040,296768,385248,f593161df222b06e4a23dd7fc6960dc430dd3c25,21205470111025221,10000,8,334.3519309,168283,123994112,36.84090628,0,63488,385248,21205470111025221,10000,1,544,141.2999,,,,,,
summary,cuda_data_path,mixed,,reference_attention,,,,,,,,,,,,,,,,772096,1385568,1405056,f593161df222b06e4a23dd7fc6960dc430dd3c25,21205470111025221,10000,8,334.3519309,743186,124895232,8.402694562,0,155552,1405056,21205470111025221,10000,1,544,141.2999,,,,,,
capacity,cuda_data_path,shared_prompt,contiguous_max,,,,,,,,2240039,5440000,5440000,3199961,10000,0,0,1051,0.411771875,,,,f593161df222b06e4a23dd7fc6960dc430dd3c25,21205470111025221,10000,8,,,,,,,,,,,,,1599552,50463598592,122552320000,122552320000,72088721408,36034707456
capacity,cuda_data_path,shared_prompt,fixed_8,,,,,,,,2240039,2275624,2275624,35585,284453,0,0,2513,0.9843625309,,,,f593161df222b06e4a23dd7fc6960dc430dd3c25,21205470111025221,10000,8,,,,,,,,,,,,,1599552,50463598592,51265257472,51265257472,801658880,36034707456
capacity,cuda_data_path,shared_prompt,fixed_16,,,,,,,,2240039,2316368,2316368,76329,144773,0,0,2469,0.967047982,,,,f593161df222b06e4a23dd7fc6960dc430dd3c25,21205470111025221,10000,8,,,,,,,,,,,,,1599552,50463598592,52183138304,52183138304,1719539712,36034707456
capacity,cuda_data_path,shared_prompt,fixed_32,,,,,,,,2240039,2397856,2397856,157817,74933,0,0,2385,0.9341841211,,,,f593161df222b06e4a23dd7fc6960dc430dd3c25,21205470111025221,10000,8,,,,,,,,,,,,,1599552,50463598592,54018899968,54018899968,3555301376,36034707456
capacity,cuda_data_path,shared_prompt,fixed_64,,,,,,,,2240039,2559616,2559616,319577,39994,0,0,2234,0.8751465064,,,,f593161df222b06e4a23dd7fc6960dc430dd3c25,21205470111025221,10000,8,,,,,,,,,,,,,1599552,50463598592,57663029248,57663029248,7199430656,36034707456
capacity,cuda_data_path,shared_prompt,hetero_8_64_without_promotion,,,,,,,,2240039,2275624,2275624,35585,284453,284453,0,2513,0.9843625309,,,,f593161df222b06e4a23dd7fc6960dc430dd3c25,21205470111025221,10000,8,,,,,,,,,,,,,1599552,50463598592,51265257472,51265257472,801658880,36034707456
capacity,cuda_data_path,shared_prompt,hetero_8_64_with_promotion,,,,,,,,2240039,2275624,2276136,35585,74495,44501,29994,2513,0.9843625309,,,,f593161df222b06e4a23dd7fc6960dc430dd3c25,21205470111025221,10000,8,,,,,,,,,,,,,1599552,50463598592,51265257472,51276791808,801658880,36034707456
summary,cuda_data_path,shared_prompt,,append,,,,,,,,,,,,,,,,40992,193536,240064,f593161df222b06e4a23dd7fc6960dc430dd3c25,21205470111025221,10000,8,2405.464253,60870,66908160,9.992783372,0,37888,270336,21205470111025221,10000,65,319,224.0039,,,,,,
summary,cuda_data_path,shared_prompt,,gather,,,,,,,,,,,,,,,,229152,256224,284672,f593161df222b06e4a23dd7fc6960dc430dd3c25,21205470111025221,10000,8,2405.464253,174657,379777024,24.16012247,0,68864,284672,21205470111025221,10000,65,319,224.0039,,,,,,
capacity,cuda_data_path,short,contiguous_max,,,,,,,,322540,5440000,5440000,5117460,10000,0,0,1051,0.05929044118,,,,f593161df222b06e4a23dd7fc6960dc430dd3c25,21205470111025221,10000,8,,,,,,,,,,,,,0,7266181120,122552320000,122552320000,115286138880,0
capacity,cuda_data_path,short,fixed_8,,,,,,,,322540,358448,358448,35908,44806,0,0,10000,0.8998236843,,,,f593161df222b06e4a23dd7fc6960dc430dd3c25,21205470111025221,10000,8,,,,,,,,,,,,,0,7266181120,8075116544,8075116544,808935424,0
capacity,cuda_data_path,short,fixed_16,,,,,,,,322540,398352,398352,75812,24897,0,0,10000,0.8096859059,,,,f593161df222b06e4a23dd7fc6960dc430dd3c25,21205470111025221,10000,8,,,,,,,,,,,,,0,7266181120,8974073856,8974073856,1707892736,0
capacity,cuda_data_path,short,fixed_32,,,,,,,,322540,479392,479392,156852,14981,0,0,10000,0.67281056,,,,f593161df222b06e4a23dd7fc6960dc430dd3c25,21205470111025221,10000,8,,,,,,,,,,,,,0,7266181120,10799742976,10799742976,3533561856,0
capacity,cuda_data_path,short,fixed_64,,,,,,,,322540,640000,640000,317460,10000,0,0,8936,0.50396875,,,,f593161df222b06e4a23dd7fc6960dc430dd3c25,21205470111025221,10000,8,,,,,,,,,,,,,0,7266181120,14417920000,14417920000,7151738880,0
capacity,cuda_data_path,short,hetero_8_64_without_promotion,,,,,,,,322540,358448,358448,35908,44806,44806,0,10000,0.8998236843,,,,f593161df222b06e4a23dd7fc6960dc430dd3c25,21205470111025221,10000,8,,,,,,,,,,,,,0,7266181120,8075116544,8075116544,808935424,0
capacity,cuda_data_path,short,hetero_8_64_with_promotion,,,,,,,,322540,358448,358448,35908,44806,44806,0,10000,0.8998236843,,,,f593161df222b06e4a23dd7fc6960dc430dd3c25,21205470111025221,10000,8,,,,,,,,,,,,,0,7266181120,8075116544,8075116544,808935424,0
summary,cuda_data_path,short,,append,,,,,,,,,,,,,,,,75776,90208,110592,f593161df222b06e4a23dd7fc6960dc430dd3c25,21205470111025221,10000,8,1453.121607,79477,14417920,9.070521209,0,73952,110592,21205470111025221,10000,1,63,32.254,,,,,,
summary,cuda_data_path,short,,gather,,,,,,,,,,,,,,,,64992,83840,87456,f593161df222b06e4a23dd7fc6960dc430dd3c25,21205470111025221,10000,8,1453.121607,67928,14417920,10.61264869,0,64480,87456,21205470111025221,10000,1,63,32.254,,,,,,
summary,cuda_data_path,short,,reference_attention,,,,,,,,,,,,,,,,123904,133152,156672,f593161df222b06e4a23dd7fc6960dc430dd3c25,21205470111025221,10000,8,1453.121607,126358,15319040,6.061741839,0,123168,156672,21205470111025221,10000,1,63,32.254,,,,,,
